-- phpMyAdmin SQL Dump
-- version 5.0.1
-- https://www.phpmyadmin.net/
--
-- Φιλοξενητής: 127.0.0.1
-- Χρόνος δημιουργίας: 13 Μάη 2020 στις 21:00:36
-- Έκδοση διακομιστή: 10.4.11-MariaDB
-- Έκδοση PHP: 7.4.3

SET SQL_MODE = "NO_AUTO_VALUE_ON_ZERO";
SET AUTOCOMMIT = 0;
START TRANSACTION;
SET time_zone = "+00:00";


/*!40101 SET @OLD_CHARACTER_SET_CLIENT=@@CHARACTER_SET_CLIENT */;
/*!40101 SET @OLD_CHARACTER_SET_RESULTS=@@CHARACTER_SET_RESULTS */;
/*!40101 SET @OLD_COLLATION_CONNECTION=@@COLLATION_CONNECTION */;
/*!40101 SET NAMES utf8mb4 */;

--
-- Βάση δεδομένων: `db_table`
--

-- --------------------------------------------------------

--
-- Δομή πίνακα για τον πίνακα `cities`
--

CREATE TABLE `cities` (
  `city_id` int(11) NOT NULL,
  `name_p` varchar(30) NOT NULL,
  `nomos` varchar(30) NOT NULL,
  `description` varchar(5000) NOT NULL,
  `likes` int(11) NOT NULL,
  `city_image_url` varchar(100) NOT NULL,
  `comments` int(11) NOT NULL
) ENGINE=InnoDB DEFAULT CHARSET=utf8mb4;

--
-- Άδειασμα δεδομένων του πίνακα `cities`
--

INSERT INTO `cities` (`city_id`, `name_p`, `nomos`, `description`, `likes`, `city_image_url`, `comments`) VALUES
(1, 'Αθήνα', 'Αττικής', 'Η Αθήνα είναι η πρωτεύουσα της Ελλάδας από το 1834 και η μεγαλύτερη πόλη της χώρας. Βρίσκεται στην Αττική, στην ανατολική Στερεά Ελλάδα, και είναι από τις αρχαιότερες πόλεις του κόσμου, με την καταγεγραμμένη ιστορία της να φθάνει ως το 3.200 π.Χ.Η Αρχαία Αθήνα, αρχικά οικισμός πάνω στην Ακρόπολη, εξελίχθηκε τον 6ο αιώνα π.Χ. σε μία πανίσχυρη πόλη–κράτος, που αναπτύχθηκε παράλληλα με το λιμάνι της, το οποίο αρχικά ήταν το Φάληρο και αργότερα ο Πειραιάς. Υπήρξε, κατά την κλασική εποχή, κέντρο των τεχνών, της γνώσης και της φιλοσοφίας, έδρα της Ακαδημίας Πλάτωνος και του Λυκείου του Αριστοτέλη. Αναφέρεται ευρέως ως γενέτειρα της δημοκρατίας. Συχνά, η Αθήνα, όπως και γενικότερα η Ελλάδα, χαρακτηρίζεται «λίκνο του δυτικού πολιτισμού», ενώ άλλες φορές, ο τίτλος αυτός αποδίδεται στη Μεσοποταμία.Η σύγχρονη Αθήνα είναι το κέντρο της οικονομικής, βιομηχανικής, πολιτικής και πολιτιστικής ζωής της Ελλάδας. Σύμφωνα με την Ευρωπαϊκή Στατιστική Υπηρεσία, η Ευρύτερη Αστική Περιοχή της Αθήνας, η οποία ουσιαστικά συμπίπτει με την Περιφέρεια Αττικής, είναι η 7η πολυπληθέστερη στην Ευρωπαϊκή Ένωση, με τον πληθυσμό της να εκτιμάται το 2004 στους 4.013.368 κατοίκους.Το πολεοδομικό συγκρότημα Αθηνών - Πειραιώς, δηλαδή η περιοχή της Αθήνας, του Πειραιά και των προαστίων τους, έχει πληθυσμό 3.181.872 κατοίκων[α] σύμφωνα με την απογραφή του 2011.Η περιοχή του ανήκει διοικητικά σε πέντε περιφερειακές ενότητες της Περιφέρειας Αττικής: Κεντρικού Τομέα Αθηνών, Βορείου Τομέα Αθηνών, Νοτίου Τομέα Αθηνών, Δυτικού Τομέα Αθηνών και την Περιφερειακή Ενότητα Πειραιώς. Το κέντρο των Αθηνών βρίσκεται στον Δήμο Αθηναίων και του Πειραιά στον Δήμο Πειραιά. Ο Πειραιάς, ιστορικά γνωστός ως το «επίνειο των Αθηνών», είναι το μεγαλύτερο λιμάνι της Ελλάδας. Τα κέντρα των δύο πόλεων απέχουν εννέα χιλιόμετρα και παλαιότερα ο Πειραιάς χωριζόταν από την Αθήνα από άκτιστες εκτάσεις, αλλά σήμερα, μετά από τη μεγάλη οικιστική ανάπτυξη της περιοχής τον 19ο και 20ό αιώνα, ο Πειραιάς έχει ενωθεί πολεοδομικά με την Αθήνα.Η κληρονομιά της κλασικής εποχής είναι ακόμη φανερή στην πόλη, εκπροσωπούμενη από αρχαία μνημεία και έργα τέχνης, με γνωστότερο όλων τον Παρθενώνα, που θεωρείται εμβληματικό μνημείο του αρχαίου Δυτικού πολιτισμού. Στην πόλη διατηρούνται ακόμη Ρωμαϊκά και Βυζαντινά μνημεία, καθώς και μικρός αριθμός Οθωμανικών μνημείων. Στην Αθήνα βρίσκονται δύο Μνημεία Παγκόσμιας Κληρονομιάς της UNESCO, η Ακρόπολη και η μεσαιωνική Μονή Δαφνίου. Αξιοθέατα της νεότερης εποχής, χρονολογούμενα από την καθιέρωση της Αθήνας ως πρωτεύουσας του ανεξάρτητου Ελληνικού κράτους το 1834, περιλαμβάνουν τη Βουλή των Ελλήνων (19ος αιώνας) και την Τριλογία, ένα σύνολο τριών κτηρίων: η Εθνική Βιβλιοθήκη, το Πανεπιστήμιο και η Ακαδημία. Η Αθήνα φιλοξένησε τους πρώτους σύγχρονους Ολυμπιακούς Αγώνες το 1896 και 108 χρόνια αργότερα διοργάνωσε τους Θερινούς Ολυμπιακούς Αγώνες του 2004. Στην Αθήνα βρίσκονται το Εθνικό Αρχαιολογικό Μουσείο, που διαθέτει τη μεγαλύτερη συλλογή στον κόσμο αρχαίων ελληνικών αρχαιοτήτων, καθώς και το νέο Μουσείο Ακρόπολης.Στην Αρχαία Ελλάδα η πόλη αναφερόταν στον πληθυντικό αριθμό: «Ἀθῆναι» καθώς αποτελούσε συνοικισμό των διάσπαρτων δήμων της Αττικής, τους οποίους σύμφωνα με το μύθο, συνένωσε ο μυθικός βασιλιάς Θησέας. Το 19ο αιώνα το όνομα αυτό επανήλθε ως το επίσημο όνομα της πόλης. Το 1979, με την εγκατάλειψη της καθαρεύουσας, το όνομα «Αθήνα» καθιερώθηκε ως το επίσημο. Εν τούτοις, συχνή παραμένει η χρήση του πληθυντικού στην γενική πτώση: Αθηνών, ιδίως στον γραπτό λόγο ή σε ονομασίες ιδρυμάτων, όπως η Ακαδημία Αθηνών και το Πανεπιστήμιο Αθηνών.', 4, 'images/athens', 8),
(3, 'Θεσσαλονίκη', 'Θεσσαλονίκης', 'Η Θεσσαλονίκη είναι η δεύτερη μεγαλύτερη πόλη της Ελλάδας, μετά την Αθήνα, και η μεγαλύτερη σε έκταση και πληθυσμό πόλη της Μακεδονίας. Αποτελεί την έδρα του δήμου Θεσσαλονίκης και την πρωτεύουσα της Περιφερειακής Ενότητας Θεσσαλονίκης, της μητροπολιτικής περιοχής της Θεσσαλονίκης, καθώς και την έδρα της Περιφέρειας Κεντρικής Μακεδονίας και της Αποκεντρωμένης Διοίκησης Μακεδονίας - Θράκης.\r\nΙδρύθηκε το 316/5 π.Χ. από το Μακεδόνα στρατηγό Κάσσανδρο, που της έδωσε το όνομα της συζύγου του και ετεροθαλούς αδελφής του Μεγάλου Αλεξάνδρου, Θεσσαλονίκης και προήλθε από τη συνένωση 26 πολιχνών που βρίσκονταν γύρω από τον Θερμαϊκό κόλπο. Τον 2ο π.Χ. αιώνα η πόλη κατακτήθηκε από τους Ρωμαίους και αποτέλεσε έδρα της ρωμαϊκής επαρχίας της Μακεδονίας. Εικάζεται ότι ιδρύθηκε στη θέση της αρχαίας Θέρμης, απ\' όπου πήρε το όνομά του ο Θερμαϊκός κόλπος.Εξαιτίας της στρατηγικής της θέσης η πόλη επελέγη ως αυτοκρατορική πρωτεύουσα στα χρόνια της βασιλείας του Γαλέριου, ο οποίος έκτισε στη Θεσσαλονίκη ένα αυτοκρατορικό παλάτι. Μετά την ολοκλήρωση της Εγνατίας Οδού (120 π.Χ.), η Θεσσαλονίκη που ήταν η πολυπληθέστερη πόλη του δικτύου με διεθνή ακτινοβολία, έγινε ο σημαντικότερος κόμβος ανάμεσα στην Ανατολή και τη Δύση. Μετά την διαίρεση της Ρωμαϊκής Αυτοκρατορίας ήταν μία από τις υποψήφιες πρωτεύουσες της Ανατολικής Ρωμαϊκής Αυτοκρατορίας, για να επιλεγεί τελικά το Βυζάντιο. Παρά την μη επιλογή της ως πρωτεύουσα, απέκτησε τον τίτλο της «συμβασιλεύουσας» πόλης, με τον οποίο ήταν γνωστή κατά τον Β΄ Παγκόσμιο Πόλεμο και τη Βυζαντινή Αυτοκρατορία.Μετά την άλωση της από τους Οθωμανούς το 1432, παρέμεινε στην Οθωμανική Αυτοκρατορία για περίπου πέντε αιώνες. Μετά την εκδίωξη των Εβραίων κυρίως από την Ιβηρική Χερσόνησο το 1492 με την έκδοση του διατάγματος της Αλάμπρα, αλλά και από την Βόρεια Ευρώπη, η Θεσσαλονίκη αποτέλεσε τον προορισμό τους, αποκτώντας έτσι την δική της εβραϊκή κοινότητα.Η εγκατάσταση των Εβραίων στη Θεσσαλονίκη, ανέδειξε την πόλη ως τη σημαντική εβραϊκή μητρόπολη μέχρι τουλάχιστον τις αρχές του 20ού αιώνα. Ιδιαίτερα από τα μέσα του 19ου αιώνα, η πόλη υπήρξε το πλέον κοσμοπολίτικο και πολυπολιτισμικό αστικοποιημένο κέντρο της Οθωμανικής Αυτοκρατορίας. Υπήρξε ο σημαντικότερος πόλος πολιτικών κινήσεων και κινημάτων που συνάντησε στην μακρόχρονη ιστορία της.Με την ένταξή της στον κορμό του Ελληνικού Κράτους το 1912, ο πληθυσμός της πόλης παρουσίασε σημαντικές μεταβολές, όπως με τη Μικρασιατική Καταστροφή και την εγκατάσταση των Ελλήνων Μικρασιατών προσφύγων και ακολούθως - κατά την Ανταλλαγή Πληθυσμών - με την απομάκρυνση του μουσουλμανικού πληθυσμού και την αντικατάστασή του από προσφυγικούς πληθυσμούς της Μικράς Ασίας και της Ανατολικής Θράκης. Αυτός είναι και ο λόγος που η Θεσσαλονίκη συχνά αναφέρεται ως \"προσφυγομάνα\". Οι πληθυσμιακές μεταβολές, συνέτειναν στην αλλαγή της πληθυσμιακής κατάστασης της πόλης, με ενίσχυση του ελληνικού στοιχείου. Η πολεοδομική και αρχιτεκτονική της αναδιοργάνωση επιταχύνθηκε από την Μεγάλη Πυρκαγιά του 1917 και τις προσπάθειες της νέας ελληνικής διοίκησης να προσθέσει αρχαιοελληνικά και ευρωπαϊκά στοιχεία στο αρχιτεκτονικό ύφος της πόλης, γεγονός που οδήγησε στην καταστροφή αρκετών οθωμανικών λατρευτικών και λειτουργικών κτηρίων. Οι σημαντικότερες πληθυσμιακές μεταβολές παρατηρούνται με την εγκατάσταση του μικρασιατικού και θρακικού προσφυγικού πληθυσμού έπειτα από την Μικρασιατική Καταστροφή το 1922, με το Ολοκαύτωμα της ακμάζουσας εβραϊκής κοινότητας από τα ναζιστικά στρατεύματα την περίοδο της τριπλής κατοχής κατά τον Β΄ Παγκόσμιο Πόλεμο καθώς και με την αστυφιλία που παρατηρείται κατά την δεκαετία του \'50 και μεταγενέστερα και οδηγεί σε εσωτερική μετανάστευση προς τα μεγάλα αστικά κέντρα.Από την ίδρυση της από τον Κάσσανδρο, η Θεσσαλονίκη ως μια ακμάζουσα ελληνιστική πόλη, μέχρι την εποχή της οθωμανικής κυριαρχίας, αξιοποιεί την στρατηγική της θέση και αναπτύσσεται σε μια πολυπολιτισμική πόλη. Από το 1912, με τη λήξη των Βαλκανικών Πολέμων και την ενσωμάτωση της περιοχής στο σύγχρονο Ελληνικό Κράτος, η Θεσσαλονίκη αποτελεί την δεύτερη σε πληθυσμό πόλη της Ελλάδας. Συχνά αναφέρεται ως η συμπρωτεύουσα της Ελλάδας. Ο πληθυσμός του Πολεοδομικού Συγκροτήματος υπολογίζεται σε 788.191 κατοίκους, κατά την Απογραφή του 2011. Ο πληθυσμός της μητροπολιτικής περιοχής ανέρχεται σε 1.012.013 κατοίκους ενώ εκείνος της περιφερειακής ενότητας (πρώην νομού) σε 1.110.912 κατοίκους.', 0, 'images/thessaloniki', 1),
(4, 'Βόλος', 'Μαγνησίας', 'Ο Βόλος είναι πόλη της Θεσσαλίας, κτισμένη στον μυχό του Παγασητικού κόλπου, κοντά στη θέση της αρχαίας Ιωλκού και στους πρόποδες του βουνού των Κενταύρων, του Πηλίου. Αποτελεί μία από τις μεγαλύτερες πόλεις και ένα από τα σημαντικότερα λιμάνια της Ελλάδας.\r\n\r\nΟ μόνιμος πληθυσμός της Δημοτικής Ενότητας Βόλου ανέρχεται σε 86.046 κατοίκους, σύμφωνα με την Απογραφή του 2011, ενώ ολόκληρο το πολεοδομικό συγκρότημα αριθμεί 125.248 κατοίκους[1]. Ο πληθυσμός του διευρυμένου \"Καλλικρατικού\" Δήμου Βόλου ανέρχεται σε 144.449 κατοίκους.Η προέλευση του ονόματος Βόλος δεν είναι πλήρως τεκμηριωμένη. Κατά ορισμένους, η λέξη Βόλος αποδίδεται σε παραφθορά του αρχαίου ονόματος Ιωλκός (Ιωλκός > Γιωλκός > Γώλος > Βώλος ή Βόλος). Άλλοι πάλι υποστηρίζουν ότι η ονομασία Βόλος προήλθε από το όνομα Φόλος, που κατά την μυθολογία ήταν πλούσιος γαιοκτήμονας της περιοχής. Κατά μία τρίτη εκδοχή (βλ. Η επανάσταση της Θετταλομαγνησίας, του Γ. Κορδάτου), η λέξη Βώλος ή Βόλος προέρχεται από την σλαβική θεότητα \"Βόλος\" ή \"Βέλες\" και είναι αντίστοιχη της ελληνικής αρχαίας θεότητας Δήμητρα, όπως και λεγόταν η πόλη παλιότερα \"Δημητριάδα\"\r\n\r\n\r\nΑνάκτορο Αρχαίας Δημητριάδος.Τέλος, κατά μία τέταρτη εκδοχή, η ονομασία Βόλος είναι παραφθορά της ιταλικής λέξης golfo, που σημαίνει κόλπος. Γεγονός πάντως είναι ότι το τοπωνύμιο Βόλος εμφανίστηκε γύρω στον 14ο αι. και χρησιμοποιήθηκε πρώτα για το χωριό που είναι χτισμένο στους πρόποδες του Πηλίου και που σήμερα αποκαλείται Άνω Βόλος.Η περιοχή του Βόλου, η αρχαία Μαγνησία, συγκαταλέγεται ανάμεσα στις πρώτες περιοχές που κατοικήθηκαν στον ελλαδικό χώρο. Οι οικισμοί που ανακαλύφθηκαν στα κοντινά χωριά Σέσκλο και Διμήνι χρονολογούνται από την 7η χιλιετία π.Χ., ενώ η πολιτισμική παρουσία στον χώρο συνεχίζεται αδιάκοπη μέχρι σήμερα.', 1, 'images/Volos', 1),
(5, 'Καστοριά', 'Καστοριάς', 'Η Καστοριά είναι πόλη της Μακεδονίας, έδρα του δήμου Καστοριάς και πρωτεύουσα της Περιφερειακής Ενότητας Καστοριάς στην δυτική Μακεδονία. Ο πραγματικός πληθυσμός της πόλης ανέρχεται στους 13.387 κατοίκους, σύμφωνα με την απογραφή του 2011. Είναι χτισμένη πάνω σε χερσόνησο της λίμνης Ορεστιάδας, σε υψόμετρο 703 m[1] από την επιφάνεια της θάλασσας, ανάμεσα στα βουνά Βίτσι και Γράμμο. Περιβάλλεται από τη λίμνη της και συνδέεται με την ξηρά μέσω μιας ευρύτερης λωρίδας γης από επιχωματώσεις, δίνοντας την εντύπωση νησιού.\r\nΣτην μακραίωνη ιστορία της, μιάμιση χιλιετία από κτίσεως, γνώρισε πολιορκίες και κατακτήσεις από Βουλγάρους, Νορμανδούς και Τούρκους, διατηρώντας όμως μέχρι σήμερα σημαντικό αριθμό βυζαντινών εκκλησιών, κειμηλίων και αρχοντικών ως τεκμήρια της κατά καιρούς ακμής της, λόγω της επιτυχημένης εμπορίας και διακίνησης των γουναρικών σε σημαντικά κέντρα της Ευρώπης. Συγκεκριμένα, η γουνοποιία και τα είδη παραγωγής της άνθισαν πολύ με αποτέλεσμα οι Καστοριανοί να εξαπλωθούν σε πολλές χώρες του κόσμου όπως Ιταλία, Γερμανία, Ισπανία δημιουργώντας αξιόλογες παροικίες.Σε γειτονική περιοχή, κατά τον Βυζαντινό ιστορικό Προκόπιο, στο έργο του Περί κτισμάτων (553-555), βρισκόταν η «θεσσαλική» πόλη Διοκλητιανούπολη. Η Διοκλητιανούπολη έχει ταυτιστεί από τους αρχαιολόγους με αρχαία πόλη στην περιοχή Αρμενοχώρι η οποία ανακαλύφθηκε πρόσφατα, 4 χιλιόμετρα νότια της Καστοριάς. Η Καστοριά χτίστηκε στη θέση της αρχαίας πόλης Celetrum (Κέλετρον), που μνημονεύεται από τον Ρωμαίο ιστορικό Τίτο Λίβιο (64 π.Χ.-17 μ.Χ.). Ο Τίτος Λίβιος δεν αναφέρει την ακριβή θέση της, ωστόσο όλοι οι ιστορικοί την ταυτίζουν με αυτή της σημερινής πόλης. Κατά τον Προκόπιο, η στρατηγική θέση και η φυσική ομορφιά της περιοχής προσείλκυσε το ενδιαφέρον των αυτοκρατόρων του Βυζαντίου. Ο Ιουστινιανός Α\' μετέφερε εκείνη την πόλη σε «νησί» στο κέντρο της λίμνης και την περιέβαλε με διπλό τείχος, από το οποίο σήμερα μόνον σπαράγματα σώζονται. Το κάστρο αποτελούσαν δύο γραμμές τειχών που άρχιζαν από ένα μέρος της όχθης του λαιμού στα νότια, προχωρούσαν προς τη βόρεια όχθη της λίμνης και κατέληγαν στο ανατολικό μέρος της λίμνης. Εκεί το κάστρο γινόταν πιο φαρδύ και σχημάτιζε το ογκωδέστερο μέρος του νησιού, καταμεσίς της λίμνης.Από το 927 μέχρι το 969, η Καστοριά ήταν υπό την κατοχή των Βουλγάρων, που εκδιώχθηκαν από τους Πετσενέγους με προτροπή των Βυζαντινών[εκκρεμεί παραπομπή]. Το 990, ο Τσάρος των Βουλγάρων Σαμουήλ κατά την επιδρομή του στον ελλαδικό χώρο κατέλαβε και την Καστοριά, υπερνικώντας τη φυσική αλλά και την τεχνητή της οχύρωση[εκκρεμεί παραπομπή]. Το 1017, ο αυτοκράτορας Βασίλειος Β\' Βουλγαροκτόνος την πολιόρκησε αλλά απέτυχε να την καταλάβει. Με την τελική κατάρρευση της βουλγαρικής αντίστασης, το 1019, η πόλη επανήλθε στους Βυζαντινούς.Το Δεσποτάτο της Ηπείρου, στο οποίο ανήκε και η Καστοριά, όπως ήταν από το 1252 έως το 1315 Από το 1083, που εκδιώχθηκαν οι Νορμανδοί από τους στρατηγούς του Αλεξίου Κομνηνού, Νικηφόρο Βρυέννιο και Γεώργιο Παλαιολόγο μέχρι την κατάλυση της Βυζαντινής Αυτοκρατορίας μετά την Δ\' Σταυροφορία το 1204, η Καστοριά βρίσκεται άλλοτε υπό τους Νορμανδούς και άλλοτε στα χέρια των Βυζαντινών. Κατά τη διάρκεια της Πρώτης Σταυροφορίας (1096-1099), τμήμα Σταυροφόρων προερχόμενο από το Μπρίντιζι περνά από την Καστοριά και μέσω Αχρίδας κατευθύνεται στην Κωνσταντινούπολη. Μετά το 1204, οι Βούλγαροι, επωφελούμενοι από τη γενική εξασθένηση της Βυζαντινής αυτοκρατορίας, την κυριεύουν για τρίτη φορά. Ωστόσο η βουλγαρική κατοχή δεν διήρκεσε πολύ, αφού μετά από μικρό χρονικό διάστημα, όταν ο Μιχαήλ Β\' Κομνηνός Δούκας συμμάχησε με τον άρχοντα Μακεδονίας και Θεσσαλίας Ιωάννη Πετραλείφα, η πόλη περιήλθε στο Δεσποτάτο της Ηπείρου. Τους Σέρβους του Στέφανου Δουσάν ή Ντούσαν, «Κράλη» της Σερβίας (1331-1345), διαδέχονται αλβανικοί, «αφύλαρχοι», όπως αναφέρει ο Κατακουζηνός, πληθυσμοί που κατακλύζουν τη δυτική Μακεδονία γύρω στα 1350. Οι Τούρκοι, ως οργανωμένος στρατός του οθωμανικού εμιράτου της Βιθυνίας, καταστρέφουν και δηώνουν τη μακεδονική ύπαιθρο, ώσπου να εγκαταστήσουν προοδευτικά την κυριαρχία τους στις μακεδονικές πόλεις και στη περιοχή. Η τουρκική κατάκτηση καλύπτει την εικοσαετία μεταξύ 1371 και 1394.', 0, 'images/Kastoria', 0),
(9, 'Τρίπολη', 'Αρκαδίας', 'Η Τρίπολη (γνωστή παλαιότερα και ως Τριπολιτσά και Τρομπολιτσά) είναι πόλη στην κεντρική Πελοπόννησο, η μεγαλύτερη πόλη και πρωτεύουσα του Νομού Αρκαδίας και της τέως επαρχίας Μαντινείας. Βρίσκεται σε υψόμετρο 660 μέτρων. Είναι επίσης έδρα της Περιφέρειας Πελοποννήσου. Ο πληθυσμός του ομώνυμου Δήμου είναι 47.457 κάτοικοι.Η Τρίπολη έχει Μεσογειακό κλίμα, χαρακτηρισμένο ως κατηγορίας Γ στην κλιματική ταξινόμηση Κέππεν. Η πόλη απλώνεται σε ένα εκτεταμμένο οροπέδιο, στο κέντρο της Πελοποννήσου, το οποίο βρίσκεται σε ύψος 650 μέτρων. Περιτριγυρίζεται από όλες τις πλευρές της από βουνά με πυκνή βλάστηση, εκ των οποίων το ψηλότερο και εγγύτερο είναι το Μαίναλο προς τα βορειοανατολικά. Το νοτιοδυτικό κομμάτι του οροπεδίου αποτελείτο από υγρότοπους, οι οποίοι σταδιακά αποξηράνθηκαν και χρησιμοποιήθηκαν ως καλλιεργήσιμη γη. Λόγω της ηπειρωτικής της τοποθεσίας και του υψηλού υψομέτρου της, το κλίμα της Τρίπολης είναι μεταβαλλόμενο μεταξύ του μεσογειακού και του ηπειρωτικού, με ζεστά ξηρά καλοκαίρια και κρύους χειμώνες. Οι καλοκαιρινές θερμοκρασίες μπορεί να υπερβούν τους 38 βαθμούς, ενώ το χειμώνα έχουν παρατηρηθεί θερμοκρασίες ακόμα και κάτω από -10 βαθμούς Κελσίου. Χιόνι ή χιονόνερο μπορεί να κάνει την εμφάνισή του αρκετές φορές από τα τέλη Οκτώβρη ως τις αρχές Απρίλη, όπως επίσης και πολλά πρωϊνά με ομίχλη ή και πάχνη κατά το ίδιο χρονικό διάστημα.', 0, 'images/tripoli', 0),
(10, 'Κατερίνη', 'Πιερίας', 'Η Κατερίνη είναι πόλη της Μακεδονίας, έδρα του δήμου Κατερίνης και πρωτεύουσα της Περιφερειακής Ενότητας Πιερίας στην Κεντρική Μακεδονία. Έχει πληθυσμό, σύμφωνα με την απογραφή του 2011, 55.997 κατοίκους. Βρίσκεται στο Πιερικό ύψωμα, ανάμεσα στα Πιέρια Όρη και στον Θερμαϊκό κόλπο, σε υψόμετρο 14–45 μ. Απέχει 71 χλμ από τη Θεσσαλονίκη, κάτι το οποίο έχει αποδειχθεί ευεργετικό για την ανάπτυξη της Κατερίνης τα τελευταία χρόνια.ο όνομα της πόλης έχει τις ρίζες του στην Αικατερίνη της Αλεξανδρείας, μια χριστιανή μάρτυρα, που έζησε τον 4ο αιώνα. Σύμφωνα με μια άλλη άποψη η ονομασία της προέρχεται από την παλιά Μακεδονική πόλη Άτηρα. Παρά τη συμμετοχή της σε όλους τους εθνικοαπελευθερωτικούς αγώνες των Ελλήνων, από την επανάσταση του 1821, το κίνημα του 1854, τη Μακεδονική επανάσταση του 1878 και το Μακεδονικό Αγώνα, απελευθερώθηκε τελικά από την Οθωμανική Αυτοκρατορία στις 16 Οκτωβρίου του 1912. Σημαντικοί Μακεδονομάχοι εκείνη την περίοδο, ήταν οι οπλαρχηγοί Νικόλαος Στρεμπίνας και Νικόλαος Μπαμπάκας, καθώς και ο Αλκιβιάδης Παπαδημητρίου. Κατά τον Β\' Παγκόσμιο Πόλεμο κατελήφθη από τον γερμανικό στρατό στις 14 Απριλίου 1941 και απελευθερώθηκε τρία χρόνια αργότερα. Το 1944 ιδρύθηκε και το Γενικό Νοσοκομείο της πόλης.\r\nΣήμερα η πόλη αποτελεί μια από τις πιο δυναμικές αστικές περιοχές της Μακεδονίας και όλης της Ελλάδας. Στις μέρες μας η ανάπτυξη της Κατερίνης ανακόπτεται αισθητά από την παρουσία της γειτονικής Θεσσαλονίκης, που απορροφά σε συντριπτικό βαθμό όλες τις δραστηριότητες της ευρύτερης περιοχής.\r\nΠαρ\' όλα αυτά, εξ αιτίας της πολύ μεγάλης τουριστικής κίνησης που υπάρχει στον νομό Πιερίας, η πόλη βρίσκεται αισθητά στο προσκήνιο. Η πόλη διαθέτει ένα από τα μεγαλύτερα και ωραιότερα αστικά πάρκα της Ελλάδας, με πληθώρα λιμνών, σιντριβανιών και γλυπτών και ειδικά το καλοκαίρι αποτελεί όαση δροσιάς και χαλάρωσης, ιδιαίτερα τις πολύ θερμές ώρες της ημέρας.Τα τελευταία χρόνια η Κατερίνη γνωρίζει αξιόλογη τουριστική κίνηση με την ανάπτυξη οργανωμένων παραθεριστικών κέντρων στις ακτές της οι οποίες αποτελούν παραδοσιακό θέρετρο για τουρίστες από τη Σερβία, Βόρεια Μακεδονία κ.λπ για αρκετές δεκαετίες. Παράλληλα, με δεδομένη την ύπαρξη τεράστιων επίπεδων εκτάσεων γύρω της, η πόλη γνωρίζει φρενήρη οικιστική ανάπτυξη, με συνεχή ένταξη νέων εκτάσεων στον υπάρχοντα αστικό ιστό της. Το 2008 ανακατασκευάστηκε ο σιδηροδρομικός σταθμός της πόλης, στην ομώνυμη συνοικία, ενώ απο το 2007 συνδέεται με προαστιακό σιδηρόδρομο με την πόλη της Θεσσαλονίκης.', 0, 'images/katerini', 0),
(11, 'Καβάλα', 'Καβάλας', 'H Καβάλα (στους αρχαίους χρόνους \"Νεάπολις\", στο Βυζάντιο \"Χριστούπολις\" και έως το 1928 \"Καβάλλα\") είναι πόλη της Μακεδονίας, έδρα του δήμου Καβάλας και πρωτεύουσα της Περιφερειακής Ενότητας Καβάλας στην Ανατολική Μακεδονία. Αποτελεί επίσης έδρα της Ιεράς Μητροπόλεως Φιλίππων, Νεαπόλεως και Θάσου.Ο μόνιμος πληθυσμός της πόλης ανέρχεται τους 54.027 κατοίκους, καθιστώντας την ως η 4η μεγαλύτερη πόλη στην περιοχή της Μακεδονίας, σύμφωνα με την απογραφή του 2011. Είναι κτισμένη στους πρόποδες του όρους Σύμβολο. Μέσω της Εγνατίας Οδού απέχει 650 χιλιόμετρα από την Αθήνα και 160 χιλιόμετρα από τη Θεσσαλονίκη.Η ιστορία της πόλης ξεκινά από τους Προϊστορικούς χρόνους και εκτείνεται μέχρι σήμερα. Οι αναφορές για αυτήν από την μία χάνονται στις ομηρικές αφηγήσεις και από την άλλη καταγράφονται στα αρχεία της Αθηναϊκής Συμμαχίας. Από την μία η πόλη έγινε παγκοσμίως γνωστή για την άφιξη των δημοκρατικών στρατευμάτων της Ρωμαϊκής Αυτοκρατορίας ενόψει της ιστορικής μάχης των Φιλίππων και από την άλλη για την άφιξη του Αποστόλου Παύλου το 49 μ.Χ., κάνοντας την Νεάπολη (σημερινή Καβάλα) πρώτη ευρωπαϊκή πόλη που δέχτηκε τον Χριστιανισμό. Είναι διάσημη για τα μεγαλοπρεπή έργα Βυζαντινών και Τούρκων (όπως το Κάστρο και οι Καμάρες) όσο και για το ότι αποτέλεσε γενέτειρα του Μεχμέτ Αλί, αντιβασιλέα της Αιγύπτου. Παράλληλα η νεότερη ιστορία της πόλης παρουσιάζει εξίσου ενδιαφέρον, τόσο για την καπνεργασία και τις πρώτες απεργίες στα Βαλκάνια (1896) όσο και για την πλούσια βιομηχανική δραστηριότητα με κυρίαρχη αυτή του μαύρου χρυσού.', 0, 'images/kavala', 0),
(12, 'Ξάνθη', 'Ξάνθης', 'Η Ξάνθη είναι πόλη της Θράκης στη Βόρεια Ελλάδα. Αποτελεί την πρωτεύουσα της ομώνυμης Περιφερειακής Ενότητας και την έδρα του ομώνυμου Δήμου. Υπάγεται διοικητικά στην Περιφέρεια Ανατολικής Μακεδονίας και Θράκης. Ο πληθυσμός της ανέρχεται σε 56.122 μόνιμους κατοίκους, σύμφωνα με την Απογραφή του 2011. Βρίσκεται κτισμένη στις παρυφές του Αχλαδόβουνου και τη διαρρέει ο ποταμός Κόσυνθος. Ο πολιούχος της Ξάνθης είναι ο Άγιος Ιωάννης ο Πρόδρομος και η ημέρα της Αποτομής της Τίμιας Κεφαλής του στις 29 Αυγούστου, είναι αργία για την πόλη.ια το όνομα της πόλης υπάρχουν δύο απόψεις: Η πρώτη, πως Ξάνθη ονομαζόταν μία από τις κόρες του Ωκεανού και της Τηθύας και η δεύτερη, πως προέρχεται από μία αμαζόνα που είχε το όνομα Ξάνθη και βασίλευε τότε στην περιοχή.Ιστορικά, η περιοχή κατοικείται από τους Νεολιθικούς χρόνους, όπως μαρτυρούν και τα αρχαιολογικά ευρήματα που αποκαλύφθηκαν στην πεδιάδα της Ξάνθης. Από τον 11ο π.Χ. αιώνα άρχισε η εγκατάσταση των θρακικών φυλών.Οι πρώτες αναφορές, την περίοδο των αρχαίων χρόνων, κάνουν λόγο για ένα χωριό που βρισκόταν στο πέρασμα του ποταμού Κοσσινίτη-Κοσύνθου, ακριβώς στην είσοδο της χαράδρας προς το εσωτερικό της ορεινής περιοχής. Το χωριό αυτό στα αρχαιοθρακικά ονομαζόταν Πάρα (το) και σήμαινε το πέρασμα, διάβαση. Είχε δηλαδή την ίδια έννοια με το νοτιοελληνικό πόρος: διάβαση. Με την πάροδο του χρόνου το όνομα του χωριού αυτού ενώθηκε με το άρθρο \"το\" και έτσι μετονομάσθηκε σε Τόπαρα ή Τόπειρος με την ίδια πάντα σημασία. Με τη διέλευση της Εγνατίας οδού μέσα από το χωριό αυτό (100 π.Χ.) το Τοπάρα αναπτύχθηκε σε πλούσια πόλη και ακμαία, «ελεύθερη» με δικά της νομίσματα (2ος αιώνας μ.Χ.).\r\nΤην εποχή του Χαλκού η περιοχή δέχεται επιδράσεις από την Τροία, τη Λέσβο και τη Λήμνο. Σύμφωνα με τον Όμηρο, οι Θράκες είναι καλοί πολεμιστές, με γυμνασμένα άλογα και αξιόλογη μεταλλουργία χρυσού και αργύρου.Από τον 7ο αιώνα π.Χ., που ιδρύεται η αποικία των Αβδήρων, ως το 330 μ.Χ., που αρχίζει η Βυζαντινή περίοδος, έχουμε τη διαμόρφωση νέας κατάστασης ακμής. Σημαντικό ρόλο παίζουν τα Άβδηρα και άλλες αποικίες που διευκολύνουν τη διείσδυση του Ελληνικού πολιτισμού και τον εξελληνισμό των Θρακών. Τον 8ο αιώνα μ.Χ. η πόλη καταστράφηκε, άγνωστο αν αυτό συνέβη από σεισμό ή βαρβαρικές επιδρομές, όμως ξανακτίσθηκε. Άλλαξε όνομα και μετονομάσθηκε σε (λατινικό) Ρούσιο (ίσως γιατί νόμισαν ότι η ονομασία Τόπειρος προερχόταν από το Τόπυρος που σημαίνει το πύρινο).Η πόλη Ξάνθεια, που ταυτίζεται πιθανώς με τη σημερινή Ξάνθη, μνημονεύεται τον 1ο π.Χ. αιώνα από τον Στράβωνα: «Μετά δε την ανά μέσον λίμνην (Βιστονίδα) Ξάνθεια, Μαρώνεια και Ίσμαρος...». Επειδή η πόλη δεν αναφέρεται από άλλη μεταγενέστερη αρχαία πηγή, εικάζεται ότι ίσως να μην κατάφερε να επιβιώσει στα ρωμαϊκά χρόνια και εγκαταλείφτηκε από τους κατοίκους της. Ωστόσο, φαίνεται πως ξανακατοικήθηκε τον 3ο μ.Χ. αιώνα, όταν οι συχνές βαρβαρικές επιδρομές εξανάγκασαν τους πληθυσμούς να μετακινηθούν, για μεγαλύτερη ασφάλεια, προς τα ορεινή μέρη.', 0, 'images/xanthi', 0),
(13, 'Κοζάνη', 'Κοζάνης', 'Η Κοζάνη είναι πόλη της Μακεδονίας, έδρα του δήμου Κοζάνης και πρωτεύουσα της Περιφερειακής Ενότητας Κοζάνης στη δυτική Μακεδονία. Επίσης, αποτελεί την έδρα της Περιφέρειας Δυτικής Μακεδονίας. Είναι χτισμένη ανάμεσα στις οροσειρές του Βερμίου, του Μπούρινου και των Πιερίων, 15 χλμ βορειοδυτικά της λίμνης του Πολυφύτου, σε υψόμετρο 720 μέτρων από την επιφάνεια της θάλασσας. Απέχει 120 χλμ από τη Θεσσαλονίκη και 470 χλμ από την Αθήνα. Έχει πληθυσμό 41.066 κατοίκους, ενώ ο νέος διευρυμένος Καλλικρατικός Δήμος έχει 71.388 κατοίκους (απογραφή 2011).Στην πόλη στεγάζονται τμήματα του Πανεπιστημίου Δυτικής Μακεδονίας. Επίσης, είναι η έδρα της Αστυνομικής Διεύθυνσης, της Πυροσβεστικής Υπηρεσίας και του Εφετείου της Δυτικής Μακεδονίας, του Α\' Σώματος Στρατού της Ελλάδας και της Ιεράς Μητροπόλεως Σερβίων και Κοζάνης.Οι αποκριάτικες εκδηλώσεις στην Κοζάνη ξεκινούν με χορούς και τραγούδια την \"Τσικνοπέμπτη\", 12 μέρες πριν από τη Μεγάλη Αποκριά. Αυτό το δωδεκαήμερο κάθε βράδυ ανάβει κι ένας φανός σε κάποια γειτονιά της πόλης με τους ντόπιους να προσφέρουν στους επισκέπτες άφθονο κρασί και τα παραδοσιακά κιχιά, χορεύοντας όλοι μαζί γύρω από τη φωτιά.Τη Μεγάλη Αποκριά γίνεται παρέλαση αρμάτων που συνήθως σατιριζουν θέματα που απασχολούν την τοπική κοινωνία η εθνικά θέματα, χρησιμοποιώντας την τοπική διάλεκτο και χορεύοντας σε παραδοσιακούς ρυθμούς. Οι άνθρωποι που συμμετέχουν στην παρέλαση είτε ειναι ντυμένοι σύμφωνα με το θέμα του άρματος η ντυμένοι με τις παραδοσιακές φορεσιές. \r\nΤο βράδυ της Αποκριάς, μετά την απογευματινή παρέλαση αρμάτων, ανάβουν σε κάθε γειτονιά οι \"φανοί\". Γύρω από τη φωτιά συνεχίζεται ολονύχτιο γλέντι με Κοζανίτικα σκωπτικά και παραδοσιακά τραγούδια της Αποκριάς. Μαζί με τους μεζέδες και τα παραδοσιακά Κοζανίτικα «κιχιά» προσφέρεται και άφθονο κρασί «κοκκινέλι», τοπικής παραγωγής. Τα τραγούδια της Αποκρίας τραγουδιούνται, κατά βάση, στο κοζανίτικο ιδίωμα και μόνο κατά τη διάρκεια της Αποκριάς. Πολλά από αυτά κινούνται γύρω από κοινούς θεματικούς άξονες με εκείνους των Δημοτικών τραγουδιών. Η πρώτη προσπάθεια συγκέντρωσης όλων των τραγουδιών πραγματοποιήθηκε το 2010 από τον Θεόδωρο Λάκκα, πρωτοτραγουδιστή των φανών και συγγραφέα σύντομων σατιρικών ιστοριών, σε έναν τόμο με τίτλο Ιβγάτι αγόρια μ\' στου χουρό.Εκτός από την αποκριά, άλλες εκδηλώσεις που λαμβάνουν χώρα στην πόλη είναι τα Λασσάνεια (προς τιμή του αγωνιστή της Επανάστασης του 1821 Γ. Λασσάνη), στο τέλος του καλοκαιριού. Αποτελούνται από θεατρικές παραστάσεις, συναυλίες, αθλητικούς αγώνες κ.ά. Η ετήσια εμποροπανήγυρη Νιάημερος γίνεται την πρώτη Τρίτη του Οκτώβρη στην ομώνυμη περιοχή της πόλης.Η Φιλαρμονική του Δήμου, η Πανδώρα, είναι η παλιότερη στην Ελλάδα και συμμετέχει σε όλες τις εκδηλώσεις και εορτές της πόλης.', 0, 'images/kozani', 0),
(14, 'Ηράκλειο', 'Ηρακλείου', 'Το Ηράκλειο είναι η μεγαλύτερη πόλη της Κρήτης με 140.730 κατοίκους (απογραφή 2011).Αποτελεί έδρα της Αποκεντρωμένης Διοίκησης Κρήτης, της Περιφέρειας Κρήτης (επανήλθε ως πρωτεύουσα το 1971), καθώς επίσης έδρα της Εκκλησίας της Κρήτης και του Αρχιεπισκόπου της. Ο Δήμος Ηρακλείου, όπως προέκυψε με το πρόγραμμα Καλλικράτης, είναι ο τέταρτος πολυπληθέστερος της χώρας με 173.993 κατοίκους. Η πόλη του Ηρακλείου φημίζεται για την αντίσταση και τον ηρωισμό της κατά τη γερμανική εισβολή και τη Μάχη της Κρήτης (1941), τιμήθηκε με τον Πολεμικό Σταυρό Α΄ Τάξεως.Οι κύριοι οικονομικοί τομείς της πόλης είναι ο τουρισμός, η γεωργία και το εμπόριο. Διαθέτει βιομηχανική περιοχή 4 χιλιόμετρα νοτιοανατολικά του κέντρου. Το Ηράκλειο διαθέτει επίσης ένα από τα μεγαλύτερα σήμερα σε κίνηση αεροδρόμια της Ελλάδας (δεύτερο στο σύνολο μετά της Αθήνας και πρώτο σε πτήσεις τσάρτερ), το αεροδρόμιο \"Νίκος Καζαντζάκης\", καθώς και λιμάνι με πυκνή ακτοπλοϊκή συγκοινωνία κυρίως με τον Πειραιά και άλλα νησιά. Η πόλη του Ηρακλείου ανακηρύχθηκε για το έτος 2017 ως η ταχύτερα τουριστικά αναπτυσσόμενη περιοχή στην Ευρώπη. Σύμφωνα με την κατάταξη το Ηράκλειο αναδείχθηκε ως 20η σε επισκεψιμότητα περιοχή στην Ευρώπη, ως 66η περιοχή στον Πλανήτη και ως 2η στην Ελλάδα για το έτος 2017, με 3,2 εκατομμύρια επισκέπτες και η 19η στην Ευρώπη για το 2018 με 3,4 εκατομμύρια επισκέπτες.Πέραν της Αθήνας και της Θεσσαλονίκης, το Ηράκλειο είναι η μοναδική πόλη στον ελλαδικό χώρο που εμπεριέχει μέσα στον ίδιο πολεοδομικό ιστό τις έδρες δυο διαφορετικών Καλλικρατικών δήμων[εκκρεμεί παραπομπή]. Το Ηράκλειο, με πληθυσμό 140.730 κατοίκους, μαζί με την πόλη της Νέας Αλικαρνασσού (14.635 κατοικους) και το Γάζι (12.606 κατοίκους) από τον Δήμο Μαλεβιζίου, αποτελούν πολεοδομικό συγκρότημα από τα μεγαλύτερα της χώρας.', 0, 'images/iraklio', 0),
(15, 'Άρτα', 'Άρτας', 'Η Άρτα είναι η πρωτεύουσα του νομού Άρτας και του δήμου Αρταίων, καθώς και η δεύτερη μεγαλύτερη πόλη της Ηπείρου μετά τα Γιάννενα με πληθυσμό 21.895 κατοίκους (απογραφή 2011). Στην είσοδο της πόλης βρίσκεται το φημισμένο πέτρινο γεφύρι της Άρτας, σήμα κατατεθέν της πόλης, γνωστό από το ομώνυμο δημοτικό ποίημα. Η Άρτα έχει σημαντική βυζαντινή παράδοση από την εποχή του Δεσποτάτου της Ηπείρου (1229) και δείγματά της αποτελούν οι βυζαντινές εκκλησίες της Αγίας Θεοδώρας, των Βλαχερνών, του Αγίου Βασιλείου και της Παρηγορίτισσας, ένα εντυπωσιακό Βυζαντινό κτίσμα κυβόσχημο του 13ου αιώνα, μοναδικό αρχιτεκτονικό έργο με σπουδαία μωσαϊκά. Στο ναό της Παρηγορίτισσας υπάρχουν και μεταγενέστερες τοιχογραφίες. Η πόλη είναι χτισμένη στην ίδια θέση που κατά την αρχαιότητα υπήρχε μια από τις σημαντικότερες πόλεις της περιοχής, η Αμβρακία. Κατά μία άλλη άποψη η Άρτα είναι χτισμένη στη θέση της αρχαίας Αργιθέας ή κατ\' άλλους του αρχαίου Αμφιλοχικού Άργους.[εκκρεμεί παραπομπή] Η ευρύτερη περιοχή της Άρτας είναι γνωστή για την καλλιέργεια εσπεριδοειδών και τα τελευταία χρόνια Ακτινιδίων.Από την αρχαία Αμβρακία διασώθηκαν ελάχιστα μνημεία, αρκετά όμως έργα τέχνης. Στον δρόμο ενός ταφικού περιβόλου, στην ανατολική πλευρά της Ιεράς Οδού της Αμβρακίας, διασώθηκε μια σημαντικότατη - για το είδος και τον τρόπο γραφής- επιγραφή του 6ου π.Χ. Δίπλα στο σημερινό ναό του Αγ. Κωνσταντίνου αποκαλύφθηκε ένα μικρό θέατρο - ίσως το μικρό θέατρο που μνημονεύει ο Διονύσιος Αλικαρνασσέας - με την ορχήστρα του και τέσσερις σειρές κερκίδων. Κοντά στην πλατεία Κιλκίς διασώθηκε τμήμα του μεγάλου ναού του Πύθιου Απόλλωνα Σωτήρα - το μέχρι την ευθυντηρία τμήμα - διαστάσεων 20,75Χ44μ. Εκεί βρέθηκε και ενεπίγραφη στήλη με κείμενο συνθήκης καθορισμού ορίων μεταξύ Αμβρακίας και Χαράδρου. Διασώθηκαν τμήματα του αρχαίου τείχους, που δείχνουν πως το τείχος ήταν επιβλητικό και επιμελημένης κατασκευής. Στο βορειοανατολικό τμήμα του επιχτίστηκε αργότερα το βυζαντινό κάστρο (13ος αιώνας) που είναι από τα ωραιότερα κάστρα και διασώζεται, με επισκευές των Τούρκων, σε άριστη κατάσταση. Στα μουσεία της Άρτας, των Ιωαννίνων, της Αθήνας, της Ρώμης, του Λονδίνου, υπάρχουν αγάλματα, επιγραφές, κοσμήματα, νομίσματα, αγγεία, ειδώλια κ.λπ. προερχόμενα από την αρχαία Αμβρακία.', 0, 'images/arta', 0),
(16, 'Ηγουμενίτσα', 'Θεσπρωτίας', 'Η Ηγουμενίτσα είναι παραλιακή πόλη στην βορειοδυτική Ελλάδα, πρωτεύουσα του Νομού Θεσπρωτίας, ο πρώτος σε κίνηση λιμένας της δυτικής Ελλάδας και ο δεύτερος σε επιβατική κίνηση μετά τον Πειραιά πανελλαδικά (σύμφωνα με τα στοιχεία της Ένωσης Λιμένων Ελλάδος).Η Ηγουμενίτσα περιβάλλεται από βουνά. Βρίσκεται στο βορειοδυτικό τμήμα του νομού Θεσπρωτίας, στον μυχό του ομώνυμου όρμου. Τα βουνά που περιβάλλουν την πόλη ήταν παλαιότερα γυμνά και άδενδρα. Στην κοντινή πόλη των Ιωαννίνων η γύμνια του δεσπόζοντος βουνού Μιτσικελίου, οφείλεται στη συστηματική πυρπόλησή του από τους Τούρκους. Κάτι τέτοιο δεν ξέρει κανείς αν συνέβη με την Ηγουμενίτσα, αλλά γεγονός παραμένει ότι τα πράσινα βουνά της είναι προϊόν δενδροφυτεύσεων. Τα βουνά αυτά κινδύνεψαν από μια μεγάλη πυρκαγιά στις αρχές του 1990, αλλά σώθηκαν, και όσα δέντρα κάηκαν, αντικαταστάθηκαν σχεδόν εξ\' ολοκλήρου από νέα, μέσα σε διάστημα λίγων χρόνων.Η Ηγουμενίτσα είναι μια σχετικά καινούρια πόλη που ανοικοδομήθηκε στις αρχές του προηγούμενου αιώνα: το 1908, επί σουλτάνου Ρεσάτ Πασά, ο Χαμίτ Μπέης του Γκρικοχωρίου (παλιό Γραικοχώρι), προικισμένος με σπάνια διορατικότητα για την εποχή, είχε προμαντέψει την αξία του λιμανιού της Ηγουμενίτσας και σκέφτηκε να ιδρύσει σ’ αυτό μια πόλη κοντά στην παραλία, που θα ονομαζόταν προς τιμήν του σουλτάνου «Ρεσατ-γιέ». Τα φιλόδοξα σχέδια του Χαμίτ διακόπτονται από την έναρξη των βαλκανικών πολέμων και την ενσωμάτωση της περιοχής στο ελληνικό κράτος τον Φεβρουάριο του 1913. Σε απογραφή του 1920 η Κοινότητα Ηγουμενίτσας αριθμούσε 649 κατοίκους και τρεις οικισμούς: την Ηγουμενίτσα, τη Γράβα και το Λιμάνι. Τρία χρόνια αργότερα, τα τραγικά γεγονότα της μικρασιατικής καταστροφής, οδηγούν στην περιοχή μερικές εκατοντάδες πρόσφυγες που εγκαθίστανται στην πόλη και την εμπλουτίζουν με νέο ανθρώπινο δυναμικό.', 0, 'images/igoumenitsa', 0),
(17, 'Ιωάννινα', 'Ιωαννίνων', 'Τα Ιωάννινα, γνωστά και ως Γιάννενα ή Γιάννινα, είναι πόλη της Ηπείρου, έδρα του Δήμου Ιωαννιτών και πρωτεύουσα της Περιφερειακής Ενότητας Ιωαννίνων. Επίσης, αποτελούν την έδρα και μεγαλύτερη πόλη της Περιφέρειας Ηπείρου καθώς και της Αποκεντρωμένης Διοίκησης Ηπείρου - Δυτικής Μακεδονίας. Ο πληθυσμός της πόλης ανέρχεται στους 65.574 κατοίκους, σύμφωνα με την απογραφή του 2011.[3]\r\n\r\nΤα Ιωάννινα βρίσκονται στο βορειοδυτικό κομμάτι της ηπειρωτικής Ελλάδας, στο κέντρο του ομώνυμου λεκανοπεδίου. Είναι μία από τις μεγαλύτερες πόλεις της Ελλάδας με πλούσια πολιτιστική παράδοση και σύγχρονες αναπτυξιακές επιχειρήσεις. Μεταξύ των πολυποίκιλων γεωγραφικών χαρακτηριστικών της περιοχής ξεχωριστή θέση κατέχει η λίμνη Παμβώτιδα, που παράκειται της πόλης.', 0, 'images/giannena', 0),
(18, 'Πρέβεζα', 'Πρέβεζας', 'Η Πρέβεζα είναι πόλη και λιμάνι της Ηπείρου. Βρίσκεται στο νοτιότερο άκρο της Ηπείρου, παρά την είσοδο του Αμβρακικού κόλπου. Είναι έδρα του Δήμου Πρέβεζας και πρωτεύουσα του Νομού Πρέβεζας. Στην απογραφή του 2011 ο πληθυσμός της πόλης ήταν 19.042 κάτοικοι, ενώ ο πληθυσμός της Δημοτικής Κοινότητας Πρέβεζας ήταν 20.795 κάτοικοι.Η πόλη της Πρέβεζας βρίσκεται στο νοτιότερο άκρο της Ηπείρου και στο μέσον περίπου της βορειοδυτικής ακτογραμμής της Ελλάδας. Είναι κτισμένη στη βόρεια πλευρά του πορθμού της Πρέβεζας, ο οποίος συνδέει τον Αμβρακικό κόλπο με το Ιόνιο πέλαγος. Απέναντί της και σε απόσταση μόλις 600 μέτρων βρίσκεται το αμμώδες ακρωτήριο του Ακτίου, γνωστό από τη φημισμένη ομώνυμη ναυμαχία του 31 π.Χ. Η θαλάσσια περιοχή κοντά στην Πρέβεζα αποτέλεσε για μια ακόμη φορά το επίκεντρο της παγκόσμιας ιστορίας κατά τη ναυμαχία της Πρέβεζας του 1538 μ.Χ., επιβεβαιώνοντας τη στρατηγική θέση στην οποία βρίσκεται η πόλη. Βόρεια της Πρέβεζας και σε απόσταση επτά χιλιομέτρων από αυτή βρίσκεται ο εκτεταμένος ερειπιώνας της αρχαίας Νικόπολης, η οποία κτίστηκε από τον Οκταβιανό περί το 30 π.Χ., σε ανάμνηση της νίκης του επί των αντιπάλων του, Μάρκου Αντωνίου και Κλεοπάτρας, μετά τη ναυμαχία του Ακτίου. Αν και η Πρέβεζα είναι κτισμένη κοντά στο μεγαλύτερο λιμάνι της αρχαίας Νικόπολης, το οποίο ήταν στον όρμο Βαθύ, και παρά το γεγονός ότι τα ερείπια της Νικόπολης ήταν από τον 17ο αιώνα γνωστά ως Παλαιοπρέβεζα, δεν μπορούμε να ισχυριστούμε ότι η Πρέβεζα αποτελεί συνέχεια της αρχαίας Νικόπολης, καθώς υπάρχει ένα μεγάλο χρονικό κενό μεταξύ των ιστοριών των δύο πόλεων.', 0, 'images/preveza', 0),
(19, 'Καρδίτσα', 'Καρδίτσας', 'Η Καρδίτσα είναι πόλη της Θεσσαλίας, πρωτεύουσα της ομώνυμης Περιφερειακής Ενότητας (τέως Νομού Καρδίτσας -και παλαιότερα Θεσσαλιώτιδας- ) και έδρα του δήμου Καρδίτσας και της Ιεράς μητροπόλεως Θεσσαλιώτιδος και Φαναριοφερσάλων.Βρίσκεται στο δυτικό άκρο του Θεσσαλικού κάμπου. Διακρίνεται για τα πολλά παραδοσιακά πέτρινα αρχοντικά, τις πλατείες και τους πεζόδρομους. Σε απόσταση 10km απ\' τις υπώρειες της Πίνδου και σε υψόμετρο 110μ. χτισμένη δίπλα σε παραπόταμο του Πηνειού η γεωγραφική της θέση, στην καρδιά της ηπειρωτικής Ελλάδας της προσέδωσε ίσως και το όνομα. Κατά την απογραφή του 2011 η Δημοτική ενότητα Καρδίτσας είχε πληθυσμό 44.002 μόνιμους κατοίκους, ενώ η πόλη της Καρδίτσας είχε 38.554 κατοίκους.Βρίσκεται στη θεσσαλική πεδιάδα. Οι πρώτες ασφαλείς πληροφορίες για την ύπαρξη της Καρδίτσας ανάγονται στον 15ο αιώνα και προέρχονται από οθωμανικές διοικητικές πηγές. Το \"Καρδίτσα\" θεωρείται κατά μία εκδοχή παραφθορά του σλαβικού \"Gradista\", το οποίο σημαίνει \"οριοθετημένος, οχυρωμένος τόπος\", χωρίς όμως να εντοπίζεται διαχρονικά κάποια φρουριακή κατασκευή στην περιοχή. Κατά άλλη και επικρατέστερη εκδοχή, η ονομασία της πόλης προέρχεται από την λέξη \"καρυδιά - καρυδίτσα\" που με την θεσσαλική προφορά έγινε \"Καρδίτσα\". Ο οικισμός φέρεται να αντικατέστησε τη γειτονική Μητρόπολη, σημαντική πόλη στα νοτιοδυτικά, η οποία καταστράφηκε κατά την περίοδο των σλαβικών επιδρομών στη Θεσσαλία (6ος - 8ος αι.). Η έλλειψη βυζαντινών πηγών δεν μας επιτρέπει ασφαλή συμπεράσματα σχετικά με την τύχη ή ακόμη και την ίδια την ύπαρξη της Καρδίτσας την εποχή αυτή.Η πόλη, η οποία είναι 24η στην κατάταξη του πληθυσμού των πόλεων της Ελλάδος, φημίζεται για την πολύ καλή ρυμοτομία της, μια και είναι πεδινή, τους πολλούς πεζόδρομους και το πρώτο δίκτυο ποδηλατοδρόμων . Σε κεντρικό σημείο της πόλης βρίσκεται το υπέροχο άλσος του Παυσιλύπου, με τα ελεύθερα παγώνια, στην άκρη του οποίου δεσπόζει ο μεγαλοπρεπής μητροπολιτικός ναός των Αγίων Αυτοκρατόρων Κωνσταντίνου και Ελένης. Στη δυτική άκρη του άλσους έχει ανεγερθεί ο έφιππος ανδριάντας του Νικολάου Πλαστήρα. Κοντά στην πόλη υπάρχει επίσης το δάσος της Παπαράντζας (Χίλια Δέντρα), όπου βρίσκεται το εκκλησάκι του Προφήτη Ηλία και το μουσείο Ύδρευσης.Η Καρδίτσα είναι διάσημη για τους ποδηλατόδρομους που διαθέτει καθώς οι κάτοικοί της αγαπούν πολύ την ποδηλασία.', 0, 'images/karditsa', 0),
(20, 'Λάρισα', 'Λάρισας', 'Η Λάρισα είναι πόλη της Θεσσαλίας, έδρα του δήμου Λαρισαίων και πρωτεύουσα της Περιφερειακής Ενότητας Λάρισας. Επίσης, αποτελεί την έδρα της Περιφέρειας Θεσσαλίας καθώς και της Αποκεντρωμένης Διοίκησης Θεσσαλίας - Στερεάς Ελλάδας. Σύμφωνα με την απογραφή του 2011, αριθμεί 144.651 μόνιμους κατοίκους, καταλαμβάνει έκταση περίπου 88 τ.χλμ. και έχει μέσο σταθμικό υψόμετρο 70 μέτρα. Αποτελεί σημαντικό εμπορικό κέντρο και κόμβο επικοινωνιών και συγκοινωνιών.Η πόλη της Λάρισας είναι χτισμένη σε μεσόγεια θέση στις δύο όχθες του Πηνειού ποταμού και βρίσκεται στο κέντρο του ανατολικού τμήματος της θεσσαλικής πεδιάδας, το οποίο καταλαμβάνει σχεδόν εξ ολοκλήρου ο Νομός της Λάρισας, με ένα μικρό τμήμα της να βρίσκεται στον Νομό Μαγνησίας. Το υψόμετρο της πόλης από το επίπεδο της θάλασσας είναι στα 80 μέτρα. Τα βουνά που περικλείουν την πόλη είναι τα εξής: από ανατολικά τα όρη Όσσα (1972 μ.) και Μαυροβούνι (1.054 μ.), από βόρεια ανατολικά τα όρη Κάτω Όλυμπος (1.587 μ.) και Όλυμπος (2.918 μ.), από βόρεια δυτικά το όρος Μελούνα και το όρος Τίτανος (693 μ.). Σήμερα στην ευρύτερη περιοχή της Λάρισας δεν υπάρχει κάποια φυσική λίμνη.Η Λάρισα είναι πανάρχαια πόλη και κατοικείται εδώ και σχεδόν 4.000 χρόνια. Οι αρχαιολογικές έρευνες μαρτυρούν ότι η περιοχή της Λάρισας κατοικείτο κατά την Παλαιολιθική περίοδο.[εκκρεμεί παραπομπή] Την εξουσία της πόλης μέχρι το τέλος της κυριαρχίας των Μακεδόνων κατείχαν οι Θεσσαλοί Αλευάδες. Κατά τους χρόνους των Περσικών πολέμων οι κάτοικοί της εμήδισαν και πολέμησαν εναντίον των άλλων Ελλήνων στο πλευρό των ξένων επιδρομέων. Κατά τη διάρκεια του Πελοποννησιακού πολέμου μάχονταν στο πλευρό των Αθηναίων. Η Λάρισα είχε κόψει νόμισμα και αρκετά αρχαία κέρματα έχουν διασωθεί. Στη Λάρισα έζησε και πέθανε, περίπου στην ηλικία των ενενήντα χρόνων, ο Πατέρας της Ιατρικής, ο Ιπποκράτης, ο οποίος τάφηκε κάπου μεταξύ Γυρτώνης, Τυρνάβου και Λαρίσης.', 0, 'images/larisa', 0),
(21, 'Τρίκαλα', 'Τρικάλων', 'Τα Τρίκαλα είναι πόλη της δυτικής Θεσσαλίας, πρωτεύουσα της Περιφερειακής Ενότητας Τρικάλων και του Δήμου Τρικκαίων. Η πόλη διασχίζεται από τον ποταμό Ληθαίο, ο οποίος αποτελεί παραπόταμο του Πηνειού.Σύμφωνα με την Εθνική Στατιστική Υπηρεσία στην Απογραφή του 2011 τα Τρίκαλα είχαν πληθυσμό 61.653 κατοίκους, ενώ ο Δήμος Τρικκαίων είχε 81.355 κατοίκους. Η πόλη των Τρικάλων εμφανίζει πυκνότητα πληθυσμού 15 κατοίκων/km2,.Βρίσκεται πολύ κοντά στα Μετέωρα και την Καλαμπάκα και στον ορεινό όγκο της νότιας Πίνδου όπου βρίσκονται γνωστοί προορισμοί (Ελάτη, Περτούλι και Πύλη).Από τις 9 Δεκεμβρίου 2011 λειτουργεί κάθε χρόνο στα Τρίκαλα ο Μύλος των Ξωτικών. Κάθε χρόνο, για 40 ημέρες, από τα τέλη Νοεμβρίου μέχρι τις αρχές Ιανουαρίου, εκατοντάδες χιλιάδες επισκέπτες από κάθε γωνιά της Ελλάδας και βαλκανικές χώρες επισκέπτονται τον Μύλο. Το 2015 και το 2016 μετρήθηκαν κάτι λιγότερο από 1.500.000 επισκέψεις κάθε χρονιά ενώ το 2017 μετρήθηκαν πάνω από 2.500.000 επισκέψεις. Ο Μύλος των Ξωτικών είναι το μεγαλύτερο χριστουγεννιάτικο θεματικό πάρκο της Ελλάδας, έχοντας ουσιαστικά δημιουργήσει χειμερινό και δη χριστουγεννιάτικο τουρισμό, όχι μόνο στα Τρίκαλα, αλλά και σε όλη τη χώρα, με τη δημιουργία μικρότερων χριστουγεννιάτικων χωριών σε διάφορες περιοχές. Στα Τρίκαλα όμως ο Μύλος των Ξωτικών διατηρεί την πρωτοκαθεδρία, καθώς πρωτοτυπεί με τον μύλο Ματσόπουλου, αρχιτεκτονικό και βιομηχανικό μνημείο του 19ου αιώνα, που μετατρέπεται σε κεντρικό κτήριο της δράσης, το πάρκο Ματσόπουλου με το ποτάμι, όπου στήνεται ολόκληρη η γιορτή, το εκπαιδευτικό κέντρο Ανανεώσιμων πηγών Ενέργειας στον ίδιο χώρο, τη λειτουργία του μύλου και ως Μουσείου Αγροτικής και Βιομηχανικής Ζωής, αλλά και με την κάθε φορά διαφορετική θεματική προσέγγιση των Χριστουγέννων. Επίσης, η διαφορά του Μύλου των Ξωτικών από άλλες παρόμοιες διοργανώσεις, έγκειται στο ότι είναι πάρκο και όχι αγορά. Ένα άλλο βασικό στοιχείο του Μύλου είναι η δωρεάν είσοδος και οι δωρεάν δράσεις για όλους (13 έφτασαν το 2017), με παράλληλες εκπαιδευτικές δράσεις για τους χιλιάδες μαθητές σχολείων. Κάθε χρονιά υπάρχει ένα κεντρικό θέμα δράσης. Για το 2019 είναι το \"Χριστούγεννα στον Κόσμο\" με θεματικά βαγόνια διάσπαρτα στο χώρου του Μύλου. Σε συνεργασία με τον Δήμο Τρικκαίων, διοργανώνονται εκδηλώσεις σε όλη την πόλη, στο κέντρο, τους πεζοδρόμους, τις περιοχές διασκέδασης («Παλιά Μανάβικα»), ενώ υπάρχουν εκθέσεις στο Μουσείο Τσιτσάνη, καθώς διοργανώνονται εξορμήσεις και εκδηλώσεις στις γειτονικές πόλεις Καλαμπάκα με τα πανέμορφα Μετέωρα, Πύλη με τα μοναδικά γεφύρια και μοναστήρια της, στον Ορεινό Όγκο της Πύλης (Ελάτη, Χιονοδρομικό Κέντρο Περτουλίου), Μουζάκι - Λίμνη Ν. Πλαστήρα και σε άλλους χώρους.', 0, 'images/trikala', 0),
(22, 'Έβρος', 'Έβρου', 'O Έβρος, γνωστός και ως Μαρίτσα, (βουλγαρικά: Марица - Μαρίτσα, τουρκικά: Meriç - Μερίτς) είναι ο δεύτερος σε μέγεθος ποταμός της ΝΑ Ευρώπης (μετά τον Δούναβη), και ο κυριότερος ποταμός της Βαλκανικής Χερσονήσου, με συνολικό μήκος περίπου 530 km.Πηγάζει από τα όρη Ρίλα, πρώην Σκόμιο, της δυτικής Βουλγαρίας και κυλά σε βουλγαρικό έδαφος νοτιοανατολικά, διασχίζοντας την Ανατολική Ρωμυλία, σχηματίζοντας κοιλάδα ανάμεσα στις οροσειρές της Ροδόπης και του Αίμου απ\' όπου και διέρχεται από τις πόλεις Πάζαρτζικ, Πλόβντιβ (Φιλιππούπολη), Σβίλεγκραντ. Στη συνέχεια, συναντώντας τα ελληνοβουλγαρικά σύνορα, κοντά στο χωριό Ορμένιο, εισέρχεται για λίγα χιλιόμετρα σε τουρκικό έδαφος, σχηματίζοντας το τρίγωνο του Καραγάτς, κοντά στην Αδριανούπολη, απ\' όπου η συνέχεια του ρου του αποτελεί το γεωγραφικό σύνορο μεταξύ Ελλάδας-Τουρκίας, χωρίζοντας και γεωγραφικά τη Δυτική από την Ανατολική Θράκη. Διέρχεται κοντά στις ελληνικές κωμοπόλεις Πύθιο, Φέρες, Διδυμότειχο, Σουφλί, Λάβαρα, Τυχερό, Νέα Βύσσα και στις τουρκικές Μερίτς (Meriç), Κεσάν(η) (Keşan). Εκβάλλει στο βόρειο Αιγαίο Πέλαγος, στο λεγόμενο Θρακικό πέλαγος. Το μήκος του στο ελληνικό έδαφος από τη Νέα Βύσσα μέχρι τις εκβολές του φθάνει τα 206 χιλιόμετρα. Οι κυριότεροι παραπόταμοί του είναι ο Τόνζος (Τούντζας), ο Εργίνης, ο Άρδας και ο Ερυθροπόταμος.', 0, 'images/evros', 0),
(23, 'Κομοτηνή', 'Ροδόπης', 'Η Κομοτηνή (παλαιότερα και Γκιουμουλτζίνα ή Γκιουμουρτζίνα, μεσαιωνικά ελληνικά: Κουμουτζηνά, Κομοτηναί ή Κομοτηνά), πρωτεύουσα της ελληνικής Θράκης, βρίσκεται στο βορειοανατολικό τμήμα της Ελλάδας και ανήκει στον Νομό Ροδόπης. Αποτελεί έδρα της διοικητικής περιφέρειας Ανατολικής Μακεδονίας και Θράκης και πρωτεύουσα της Περιφερειακής Ενότητας Ροδόπης καθώς και έδρα του Δημοκριτείου Πανεπιστημίου Θράκης.\r\n\r\nΜε την ύπαρξή της να βεβαιώνεται από την ύστερη αρχαιότητα, το πάλαι ποτέ μικρό βυζαντινό οχυρό των Κομοτηνών ή Κουμουτζηνών αναδείχθηκε σε σημαντικό αστικό κέντρο στην Υστεροβυζαντινή περίοδο. Η σημαίνουσα θέση της στην περιοχή της Θράκης εδραιώθηκε στα χρόνια της Οθωμανικής περιόδου (1363-1912), στην τελευταία περίοδο της οποίας (19ος αιώνας) αναδείχθηκε σε διοικητικό κέντρο της ευρύτερης περιφέρειας. Η πρόσκαιρη κατάκτησή της από τους Βούλγαρους στον Α΄ Βαλκανικό Πόλεμο, η απελευθέρωσή της κατά τον Β΄ Βαλκανικό Πόλεμο και η έκβαση του Α΄ Παγκοσμίου πολέμου οδήγησαν στην οριστική ενσωμάτωσή της στην ελληνική επικράτεια, το 1920. Στα μεταπολεμικά χρόνια η πόλη αναπτύχθηκε χάρη στην κεντρική της γεωγραφική θέση και τη σημασία της ως διοικητικό κέντρο, διατηρώντας τον χαρακτήρα της, και επηρεασμένη, ως ένα βαθμό, από τα ιδιαίτερα γνωρίσματα των μειονοτικών ομάδων.\r\n\r\nΗ οικονομία της χαρακτηρίζεται από την υπεροχή του τομέα παροχής υπηρεσιών, απόρροια γεωγραφικών και ιστορικών παραγόντων. Ο αστικός της χώρος παρουσιάζει ιδιαίτερη ποικιλομορφία, χάρη στην ιστορία της και τον πολιτισμό της, στοιχεία που είναι υπεύθυνα και για τα σημαντικά μνημεία και αξιοθέατα τα οποία τον διασπείρουν . Στην περιοχή είναι έντονη η παρουσία του μουσουλμανικού στοιχείου που δίνει ιδιαίτερο χρώμα τόσο με τις ενδυμασίες και τα έθιμα όσο και με την αρχιτεκτονική χαρακτηριστικό δείγμα της οποίας αποτελούν οι μιναρέδες και τα καφασωτά παράθυρα των σπιτιών στις παλιές συνοικίες.', 0, 'images/komotini', 0),
(24, 'Ζάκυνθος', 'Ζακύνθου', 'Η Ζάκυνθος, γνωστή διεθνώς και με το όνομα «Τζάντε», ή Φιόρο του Λεβάντε (= Άνθος της Ανατολής) κατά τους Βενετσιάνους, είναι ένα από τα νησιά των Επτανήσων. Είναι το ενδέκατο σε έκταση νησί στην Ελλάδα, καθώς και το τρίτο σε έκταση (μετά την Κεφαλονιά και την Κέρκυρα) και δεύτερο σε πληθυσμό νησί στα Επτάνησα. Η έκτασή της είναι 406 τ. χλμ και ο πληθυσμός ανέρχεται στους 40.758 κατοίκους (απογραφή 2011). Από την Πελοπόννησο απέχει 9,5 ναυτ. μίλια (από την Κυλλήνη του Νομού Ηλείας) και 8,5 ναυτ. μίλια από το πλησιέστερο βόρεια σε αυτή νησί, την Κεφαλονιά. Οι κάτοικοί της καλούνται Ζακύνθιοι, ή Ζακυνθινοί. «Υρία», ένα από τα αρχαία ονόματα του νησιού της Ζακύνθου.', 0, 'images/zakinthos', 2),
(25, 'Κέρκυρα', 'Κέρκυρας', 'Η Κέρκυρα είναι ένα από τα βορειότερα και δυτικότερα νησιά της Ελλάδας και του Ιονίου Πελάγους. Βρίσκεται στην είσοδο της Αδριατικής Θάλασσας, κοντά στις Ηπειρωτικές ακτές. Οι βορειοανατολικές της ακτές πλησιάζουν αρκετά (περ. 2 χιλιόμετρα) τις ακτές των Αγίων Σαράντα της Αλβανίας. Αποτελείται από τρεις Δήμους που περιλαμβάνουν και τα μικρότερα νησιά Οθωνοί, Ερεικούσσα και Μαθράκι.[1]\r\n\r\nΈχει σχήμα μακρόστενο, πλατύτερο στο βόρειο τμήμα της, ενώ στενεύει προς τον νότο. Τα παράλιά της έχουν συνολικό μήκος 217 χιλιόμετρα και σχηματίζουν αρκετούς όρμους και ακρωτήρια. Το έδαφός της είναι κυρίως ορεινό, ιδιαίτερα στο βόρειο τμήμα. Οι ξένοι την αποκαλούν Κορφού (αγγλ Corfu), κατά παραφθορά του βυζαντινού της ονόματος Κορυφώ, από τις δύο κορυφές που φαίνονται καθώς πλησιάζει ο επισκέπτης στο νησί. Υψηλότερες κορυφές είναι αυτή του όρους Παντοκράτορας (η αρχαία Ιστώνη, 914 μ.) και το Στραβοσκιάδι (849 μ.). Άλλες κορυφές είναι οι Βίγλες, η Τσούκα, οι Πυλίδες (ή Φυλλίδες), Άγιοι Δέκα και Σταυρός. Μικρά ποτάμια υπάρχουν στην Κέρκυρα, όπως ο Μεγαλοπόταμος, ο Τυφλός, ο Μεσογγής (ο μεγαλύτερος), το ποτάμι στην περιοχή της Λευκίμμης. Η μεγαλύτερη λίμνη είναι η Κορισσία (ή των Κορισσίων) με έκταση 4 τετραγωνικά χιλιόμετρα. Επίσης υπάρχει και η λιμνοθάλασσα Χαλκιοπούλου στα νότια της πόλης της Κέρκυρας.[2]\r\n\r\nΕίναι από τα πλέον πυκνοκατοικημένα νησιά της Μεσογείου, με πυκνότητα πληθυσμού 193 κατοίκους ανά τετραγωνικό χιλιόμετρο.', 0, 'images/kerkura', 0),
(26, 'Κεφαλονιά', 'Κεφαλληνίας', 'Η Κεφαλονιά, ή αλλιώς Κεφαλληνία, είναι νησί του Ιονίου πελάγους κι ανήκει στα Επτάνησα. Επισήμως, κυρίως στη διοίκηση, αναφέρεται με τον αρχαιότερο τύπο «Κεφαλληνία»[εκκρεμεί παραπομπή]. Είναι το έκτο μεγαλύτερο σε έκταση νησί στην Ελλάδα μετά την Κρήτη, την Εύβοια, τη Λέσβο, τη Ρόδο και τη Χίο.Η Κεφαλονιά (Κεφαλληνία) είναι το μεγαλύτερο και πιο ορεινό νησί των Επτανήσων και το τρίτο σε πληθυσμό μετά την Κέρκυρα και τη Ζάκυνθο. Βρίσκεται απέναντι από την είσοδο του Πατραϊκού Κόλπου, βόρεια της Ζακύνθου, νότια της Λευκάδας και δυτικά της Ιθάκης.\r\nΤο νησί έχει έκταση περίπου 773 τ.χλμ. και σε αυτό κατοικούν περίπου 35.801 κάτοικοι. Μεγάλο μέρος της έκτασης του καταλαμβάνει η οροσειρά Αίνος χαρακτηρισμένη ως Εθνικός δρυμός με σημαντικότερες κορυφές τις Μέγας Σωρός (1.628 μ.), Αγία Δυνατή (1.131 μ.), Ευμορφία (1.043 μ.) και Κόκκινη Ράχη (1.078 μ.) Ο Αίνος είναι από τα όρη με τις πλέον έκτακτες καιρικές συνθήκες, δεχόμενο πρώτο στην Ελλάδα τα χαμηλά βαρομετρικά που έρχονται από Δυσμάς. Είναι διάσημος για την μοναδική στον Κόσμο \"Κεφαλληνιακή Μαύρη Ελάτη\" και γι\' αυτό ονομάζεται \'\'Monte Nero\'\' (Μαύρο Βουνό) και για τις αγέλες των αγρίων μικρόσωμων αλόγων του της φυλής «Equus caballus». Οι σημαντικότερες πεδιάδες είναι αυτές της Κραναίας, της χερσονήσου Παλικής, του Αρακλείου και της Σάμης.Οι ακτές της Κεφαλονιάς σχηματίζουν πολλούς κόλπους και ακρωτήρια. Σπουδαιότεροι κόλποι είναι της Σάμης, του Μύρτου, του Λουρδά, του Αθέρα, του Φισκάρδου, του Λιβαδιού, του Αργοστολίου γνωστός και ως Κουτάβου. Κυριότερα ακρωτήρια είναι (αρχίζοντας από το νότο και προχωρώντας με ανατολική κατεύθυνση) η Μούντα, η Κάπρος, το Σαρακήνικο, ο Μύτικας, το Κεντρί, το βορεινό Δαφνούδι, στα βορειοδυτικά ο Αθέρας, στα δυτικά τα Ορθολίθια, η Σκίζα και ο Γερόγομπος και νοτιότερα το Ακρωτήρι και η Αγία Πελαγία, ο Λιάκας, ο Καστανάς κ.ά. Οι ακτές είναι γενικά βραχώδεις και απότομες προς το Ιόνιο, ενώ έχουν ηπιότερους σχηματισμούς προς την ανατολική πλευρά.Ιδιαίτερο ενδιαφέρον παρουσιάζουν τα σπήλαια του νησιού, όπως τα βαραθρώδη Μελισσάνη, Αγκαλάκι, Αγίων Θεοδώρων, Ζερβάτη, η Σπηλιά Δρογκαράτη, το σπήλαιο Σάκκου κ.ά.Η παραλία Μύρτος στη βορειοδυτική πλευρά του νησιού έχει ψηφιστεί 11 φορές ως η καλύτερη ελληνική θάλασσα σύμφωνα με την ετήσια ψηφοφορία του Υ.ΠΕ.ΧΩ.ΔΕ. Στη δυτική πλευρά του νησιού και συγκεκριμένα στην Παλική μπορεί κανείς να επισκεφθεί τις παραλίες των Πετανών και της Πλατιάς Άμμου, στην οποία όμως η πρόσβαση είναι επικίνδυνη, καθώς μετά τους τελευταίους σεισμούς στο νησί καταστράφηκαν σχεδόν όλα τα σκαλοπάτια που οδηγούν στην παραλία και υπάρχει κίνδυνος κατολισθήσεων.\r\nΑρκετές σεισμικές δονήσεις πλήττουν την περιοχή κάθε χρόνο. Το 1953 ένας τρομερός σεισμός σχεδόν κατέστρεψε το νησί, αφήνοντας «όρθιο» μόνο το βορειότερο μέρος της νήσου, τη χερσόνησο της Ερίσσου, όπου ο παραδοσιακός οικισμός του Φισκάρδου.', 0, 'images/kefalonia', 0);
INSERT INTO `cities` (`city_id`, `name_p`, `nomos`, `description`, `likes`, `city_image_url`, `comments`) VALUES
(27, 'Λευκάδα', 'Λευκάδας', 'Η Λευκάδα ή Λευκάς είναι νησί του Ιονίου πελάγους και μαζί με τα νησιά Κέρκυρα, Κεφαλονιά, Ιθάκη, Ζάκυνθος και Παξοί αποτελούν την περιφέρεια Ιονίων Νήσων. Είναι το τέταρτο σε έκταση νησί στο Ιόνιο (320 τ.χλμ.) και το τέταρτο σε πληθυσμό με περίπου 23.000 κατοίκους κατά την απογραφή του 2011. Βάσει του σχεδίου Καποδίστριας η Λευκάδα μαζί με τα νησιά Κάλαμος, Καστός και Μεγανήσι, (γνωστά και ως Πριγκιποννήσια), αποτελούσε το νομό Λευκάδος με έδρα την πόλη της Λευκάδος. Από το 2011 όμως, οπότε και εισήχθηκε στο πρόγραμμα Καλλικράτης, η Λευκάδα, μαζί με τα προαναφερθέντα νησιά πλην του Μεγανησίου αποτελεί πλέον δήμο με έδρα και πάλι την πόλη της Λευκάδος, ενώ το Μεγανήσι αποτελεί ξεχωριστό δήμο με έδρα το Κατωμέρι.\r\n\r\nΛόγω της γεωγραφικής της θέσης (οι ακτές της βρίσκονται πολύ κοντά μ\' εκείνες της ηπειρωτικής Ελλάδας τις οποίες τις χωρίζει ο ιστορικός πορθμός του Δρεπάνου) συνδέεται με την Αιτωλοακαρνανία με μια πλωτή γέφυρα μήκους περίπου 20 μέτρων. Μαζί με την Εύβοια είναι τα δυο μοναδικά νησιά στην Ελλάδα στα οποία η πρόσβαση γίνεται οδικώς. Το ψηλότερο βουνό είναι τα Σταυρωτά, με απότομες πλαγιές και ύψος 1.184 μέτρα.', 0, 'images/leukada', 0),
(31, 'Άγιος Νικόλαος', 'Λασιθίου', 'Ο Άγιος Νικόλαος είναι ελληνική πόλη, με γεωγραφικό πλάτος 35.19 και γεωγραφικό μήκος 25.72. Είναι η πρωτεύουσα του Νομού Λασιθίου και βρίσκεται στη βόρεια ακτογραμμή της Κρήτης, στη Δυτική πλευρά του κόλπου του Μεραμβέλλου. Η ονομασία του προήλθε από το βυζαντινό εκκλησάκι που βρίσκεται στον όρμο Αγίου Νικολάου. Παλαιότερα ονομαζόταν Μαντράκι, καθώς υπήρχαν πολλές μάντρες με κατσίκια που ξεχειμώνιαζαν. Άλλη γνωστή ονομασία, που ακόμα χρησιμοποιούν οι κάτοικοι των γύρω χωριών, είναι Γιαλός.', 0, 'images/agios_nikolaos', 0),
(32, 'Ρέθυμνο', 'Ρεθύμνης', 'Το Ρέθυμνο είναι πρωτεύουσα του ομώνυμου νομού (περιφερειακής ενότητας) της Κρήτης και έδρα του μητροπολιτικού ομώνυμου Δήμου της περιφέρειας Κρήτης (πρόγραμμα Καλλικράτης). Από το 1999 έως το 2010 σύμφωνα με την τότε διοικητική διαίρεση της Ελλάδας ήταν έδρα του Δήμου Ρεθύμνης. Εμφανίζει μεγάλη τουριστική κίνηση κατά τη διάρκεια του καλοκαιριού, ενώ οι 10.500 και πλέον ενεργοί φοιτητές καθιστούν την πόλη ιδιαίτερα ζωντανή κατά την υπόλοιπη περίοδο του χρόνου. Ο πληθυσμός της πόλης ανέρχεται σε 34.300 κατοίκους (απογραφή 2011)και του δήμου σε 55.525 κατοίκους. ', 0, 'images/rethymno', 0),
(33, 'Χανιά', 'Χανίων', 'Τα Χανιά είναι παραλιακή πόλη της βορειοδυτικής Κρήτης, ένας από τους σημαντικότερους λιμένες της και πρωτεύουσα του νομού Χανίων. Καταλαμβάνει έκταση περίπου δεκατριών τετραγωνικών χιλιομέτρων και αποτελεί τη δεύτερη μεγαλύτερη πόλη του νησιού μετά το Ηράκλειο. Ο δήμος Χανίων αριθμεί 108.642 κατοίκους (2011), και πέρα από τα Χανιά η ευρύτερη αστική περιοχή περιλαμβάνει τα μεγαλύτερα προάστιά τα οποία έχουν ενωθεί οικιστικά με το δήμο Χανίων.', 0, 'images/xania', 0),
(34, 'Γρεβενά', 'Γρεβενών', 'Τα Γρεβενά βρίσκονται στο νοτιοδυτικό τμήμα της Δυτικής Μακεδονίας, στο δυτικό λεκανοπέδιο του ποταμού Αλιάκμονα, βόρεια του μεγαλύτερου παραπόταμού του Βενέτικο. σε υψόμετρο 530 μέτρα. Έχει πληθυσμό 13.137 κατοίκων, σύμφωνα με την απογραφή του 2011. Η οικονομία της πόλης βασίζεται στις υπηρεσίες και το εμπόριο. Η πόλη εμφανίζεται από την εποχή του Βυζαντίου. Διάφορες πολιτιστικές εκδηλώσεις γίνονται το καλοκαίρι, ενώ λαμβάνουν χώρα και διάφορα τοπικά έθιμα όπως τα \"Ανακατωσάρια\" και η \"Γκαμήλα\" την Κυριακή της Αποκριάς. Το Νοέμβριο του 2007 ανακηρύχθηκε επίσημα \"Πόλη των Μανιταριών\".', 0, 'images/grevena', 0),
(35, 'Δράμα', 'Δράμας', 'Η Δράμα είναι πόλη της Μακεδονίας, έδρα του Δήμου Δράμας και πρωτεύουσα της Περιφερειακής Ενότητας Δράμας στην Περιφέρεια Ανατολικής Μακεδονίας και Θράκης. Βρίσκεται στην περιοχή της αρχαίας Ηδωνίδας με μακραίωνη ιστορία, καθώς ο τόπος κατοικήθηκε από τους προϊστορικούς χρόνους. Η ετυμολογία της λέξης προέρχεται από το «Ύδραμα»-«Δύραμα», λόγω της αφθονίας των υδάτων που αναβλύζουν στην περιοχή.', 0, 'images/drama', 0),
(36, 'Βέροια', 'Ημαθίας', 'Η Βέροια είναι πόλη της Μακεδονίας, έδρα του Δήμου Βέροιας και πρωτεύουσα του νομού Ημαθίας στην Κεντρική Μακεδονία. Είναι κτισμένη στους πρόποδες του Βερμίου. Βάσει της απογραφής του 2011 η πόλη είχε πληθυσμό 43.158 μονίμων κατοίκων, ενώ ο νέος Καλλικρατικός Δήμος έχει μόνιμο πληθυσμό 66.547. Είναι γνωστή για την παραδοσιακή αρχιτεκτονική στις παλαιές γειτονιές της και τις πολυάριθμες βυζαντινές και μεταβυζαντινές εκκλησίες της. Η απόστασή της από την Αθήνα είναι 511 χλμ. και από τη Θεσσαλονίκη 73 χλμ.', 0, 'images/veroia', 0),
(37, 'Νάουσα', 'Ημαθίας', 'Η Νάουσα ή επίσημα η Ηρωική πόλη της Νάουσας, ανήκει στην περιφέρεια της Κεντρικής Μακεδονίας, κτισμένη στους πρόποδες του όρους Βερμίου, είναι ορεινή πόλη και βάση της τελευταίας απογραφής το μεγαλύτερο ορεινό αστικό κέντρο της Ελλάδας. Σύμφωνα με την απογραφή του έτους 2011 ο πληθυσμός φτάνει τους 20.176 κατοίκους. Ο ευρύτερος Δήμος, μετά τη διοικητική μεταρρύθμιση του σχεδίου Καλλικράτης, διαμόρφωσε τον πληθυσμό του σε 32.494 κατοίκους. Από το 1955 με βασιλικό διάταγμα χαρακτηρίζεται ως ηρωική πόλη για τους αγώνες και τις θυσίες των κατοίκων κατά την περίοδο των απελευθερωτικών αγώνων του 1822.', 0, 'images/naousa', 0),
(38, 'Κιλκίς', 'Κιλκίς', 'Το Κιλκίς είναι πόλη της Μακεδονίας, έδρα του δήμου Κιλκίς και πρωτεύουσα της Περιφερειακής Ενότητας Κιλκίς στην Κεντρική Μακεδονία. Πρόκειται για μία πόλη πλούσια σε ιστορία, κτισμένη στους πρόποδες του λόφου του Αγίου Γεωργίου, όπου σώζεται η μεταβυζαντινή ομώνυμη εκκλησία, χτισμένη γύρω στο 1830. Το Κιλκίς είναι μία αναπτυσσόμενη επαρχιακή πόλη με αξιοσημείωτη βιομηχανική πρόοδο μετά την ίδρυση της η ίδρυση της Βι.Πε. Σταυροχωρίου. Το 2011 η πόλη είχε μόνιμο πληθυσμό 22.740 και ο Δήμος 51.710 μόνιμους κατοίκους. Απέχει 48 χιλιόμετρα από τη Θεσσαλονίκη, 66 χιλιόμετρα από το αεροδρόμιο «Μακεδονία» και γειτνιάζει με την ελληνο-βορειομακεδονική μεθόριο.', 0, 'images/kilkis', 0),
(39, 'Γιαννιτσά', 'Πέλλας', 'Τα Γιαννιτσά είναι η μεγαλύτερη πόλη του Νομού Πέλλας με 31.983 κατοίκους (2011) και ανήκει στην Περιφέρεια Κεντρικής Μακεδονίας. Είναι η πρωτεύουσα του διευρυμένου Καλλικρατικού Δήμου Πέλλας των 63.122 κατοίκων που δημιουργήθηκε από την ένωση των πρώην Δήμων Γιαννιτσών, Πέλλας, Κύρρου, Μεγάλου Αλεξάνδρου και Κρύας Βρύσης. Βρίσκονται επί της ιστορικής Εγνατίας Οδού στο κέντρο της Μακεδονίας, σε υψόμετρο 40 μ., ανάμεσα στο όρος Πάικο και στον Κάμπο των Γιαννιτσών, βόρεια της περιοχής της αποξεραμένης λίμνης των Γιαννιτσών.', 0, 'images/giannitsa', 0),
(40, 'Έδεσσα', 'Πέλλας', 'Η Έδεσσα (παλαιότερα ονομάζονταν παράλληλα Βοδενά ή Πόλη των Νερών) είναι πόλη της Μακεδονίας, έδρα του δήμου Έδεσσας και πρωτεύουσα της Περιφερειακής Ενότητας Πέλλας στην Περιφέρεια Κεντρικής Μακεδονίας. Η πόλη είναι φημισμένη για τους καταρράκτες της και βρίσκεται πάνω στην αρχαία Εγνατία Οδό.Ιδρύθηκε το 813 π.Χ. από τον πρώτο Μακεδόνα Βασιλιά, τον Ηρακλείδη Κάρανο και ήταν η πρώτη πρωτεύουσα του Μακεδονικού Βασιλείου. Γνώρισε πλούσιο βιομηχανικό παρελθόν κατά την διάρκεια του μεσοπολέμου. Ο πληθυσμός της πόλης της Έδεσσας είναι 18.229, ενώ αυτός του διευρυμένου Δήμου Έδεσσας ανέρχεται στους 28.814 κατοίκους.', 0, 'images/edessa', 0),
(41, 'Σέρρες', 'Σερρών', 'Οι Σέρρες (αρχαία ελληνικά: Σίρις ή Σίρρα, βυζαντινά ελληνικά: Σέρραι) είναι πόλη της Μακεδονίας, έδρα του δήμου Σερρών και πρωτεύουσα της Περιφερειακής Ενότητας Σερρών, στην Κεντρική Μακεδονία. Είναι η δεύτερη μεγαλύτερη πόλη της Μακεδονίας και σύμφωνα με την απογραφή του 2011, ο πληθυσμός της πόλης ανέρχεται σε 58.287 κατοίκους. Απέχει 89 χιλιόμετρα από τη Θεσσαλονίκη και 587 χιλιόμετρα από την Αθήνα.', 0, 'images/serres', 0),
(42, 'Φλώρινα', 'Φλώρινας', 'Η Φλώρινα είναι πόλη της Μακεδονίας, έδρα του δήμου Φλώρινας και πρωτεύουσα της Περιφερειακής Ενότητας Φλώρινας στην Δυτική Μακεδονία. Η πόλη της Φλώρινας βρίσκεται σε υψόμετρο 687 μέτρων και έχει πληθυσμό 17.686 κατοίκους (απογραφή 2011). Η αρχαία ονομασία της περιοχής ήταν Λυγκηστίς, που ήταν ένα αυτόνομο αρχικά μακεδονικό κρατίδιο, στο οποίο κατοικούσαν συγγενή ελληνικά-μακεδονικά φύλλα δωρικής καταγωγής, και το οποίο ο Φίλιππος Β\' ένωσε με το δικό του μεγάλο μακεδονικό βασίλειο.', 0, 'images/flwrina', 0),
(43, 'Πολύγυρος', 'Χαλκιδικής', 'Ο Πολύγυρος είναι πόλη της Μακεδονίας, έδρα του δήμου Πολυγύρου και πρωτεύουσα της Περιφερειακής Ενότητας Χαλκιδικής στην Κεντρική Μακεδονία. Βρίσκεται 70 χλμ. ΝΑ της Θεσσαλονίκης και είναι χτισμένος στους πρόποδες του όρους Χολομώντα. Σύμφωνα με την τελευταία απογραφή, του 2011, το πολεοδομικό συγκρότημα του Πολυγύρου έχει 6.121 κατοίκους. Σχετικά με την προέλευση του ονόματος Πολύγυρος υπάρχουν διάφορες εικασίες. Πιθανόν ο συνδυασμός των λέξεων πολύ και ιερός να έδωσε τη σημερινή ονομασία, εξαιτίας ενός ιερού που υπήρχε στην ευρύτερη περιοχή. Μια άλλη παρόμοια εκδοχή αντικαθιστά το ιερός με τη λέξη γερός, λόγω του υγιεινού κλίματος της περιοχής ή τη λέξη γέρος, λόγω του μεγάλου ποσοστού γερόντων στην περιοχή.', 0, 'images/polygyros', 0),
(44, 'Ναύπλιο', 'Αργολίδας', 'Το Ναύπλιο ή Ανάπλι είναι πόλη της Πελοποννήσου, πρωτεύουσα της Περιφερειακής Ενότητας Αργολίδας, έδρα του δήμου Ναυπλιέων και ο κυριότερος λιμένας της ανατολικής Πελοποννήσου. Σύμφωνα με την απογραφή του 2011 είχε 14.203 κατοίκους. Έχει χαρακτηριστεί παραδοσιακός οικισμός και υπήρξε πρωτεύουσα του ελληνικού κράτους κατά την περίοδο 1828 - 1833.\r\n\r\nΤο Ναύπλιο είναι γνωστό για το Μπούρτζι, μικρό φρούριο χτισμένο σε νησίδα μέσα στο λιμάνι, για το Παλαμήδι, ενετικό φρούριο που δεσπόζει στην πόλη, για την Ακροναυπλία (τουρκ. Ιτς-Καλέ), έτερο φρούριο ενετικό, επί της ομώνυμης χερσονησίδας, καθώς και ως τόπος δολοφονίας του Ιωάννη Καποδίστρια.', 0, 'images/nauplio', 0),
(45, 'Πάτρα', 'Αχαΐας', 'Η Πάτρα (αρχαία ελληνικά: Πάτραι) είναι η μεγαλύτερη πόλη της Πελοποννήσου και η τρίτη μεγαλύτερη της Ελλάδας με πληθυσμό που ανέρχεται στους 167.446 κατοίκους, σύμφωνα με την επίσημη απογραφή του 2011. Η Πάτρα είναι πρωτεύουσα του Νομού Αχαΐας, της Περιφέρειας Δυτικής Ελλάδας, καθώς και έδρα του ομώνυμου δήμου, ενώ έχει οριστεί επίσης έδρα της Αποκεντρωμένης Διοίκησης Πελοποννήσου, Δυτικής Ελλάδας και Ιονίου. Αποτελεί σημαντικό αστικό κέντρο και διαθέτει ένα από τα μεγαλύτερα λιμάνια της Ελλάδας το οποίο αποτελεί πολύ σημαντικό δίαυλο επικοινωνίας με την Ιταλία και την ευρωπαϊκή δύση, σημαντικό τόσο από συγκοινωνιακή όσο και από εμπορική σκοπιά. Μέσω αυτού συνδέεται η ηπειρωτική Ελλάδα τόσο με νησιά του Ιονίου (πχ Κεφαλλονιά, Ιθάκη, Κέρκυρα και σπανιότερα με τη Ζάκυνθο) όσο και με ιταλικά λιμάνια, όπως το Μπάρι, το Μπρίντιζι, η Ανκόνα, η Βενετία και η Τεργέστη.', 0, 'images/patra', 0),
(46, 'Πύργος', 'Ηλείας', 'Ο Πύργος είναι πόλη της βορειοδυτικής Πελοποννήσου, η οποία αποτελεί πρωτεύουσα του Νομού Ηλείας, καθώς και έδρα του Δήμου Πύργου. Κατά την εθνική απογραφή του 2011 βρέθηκε να είχε πληθυσμό 24.359 κατοίκους. Η πόλη του Πύργου απέχει 308 χλμ. από την Αθήνα μέσω Πάτρας και 293 χλμ. μέσω Τρίπολης, 20 χλμ. από την Αρχαία Ολυμπία και 13 χλμ. από το Κατάκολο, που θεωρείται το επίνειό του. Αποτελεί το διοικητικό και εμπορικό κέντρο της ευρύτερης περιοχής και την έδρα του Δήμου Πύργου, με τον συνολικό πληθυσμό του Δήμου σύμφωνα με την εθνική απογραφή του 2011 να ανέρχεται στους 47.995 κατοίκους. Παλαιότερα αποτέλεσε την έδρα του ομώνυμου \"Καποδιστριακού\" Δήμου. Δήμαρχος του Δήμου Πύργου είναι σήμερα ο Παναγιώτης Αντωνακόπουλος.', 0, 'images/pyrgos', 0),
(47, 'Κόρινθος', 'Κορινθίας', 'Η Κόρινθος είναι πόλη και σημαντικός λιμένας της Πελοποννήσου. Αποτελεί την πρωτεύουσα του Νομού Κορινθίας και την έδρα του ομώνυμου Δήμου, ενώ είναι η τρίτη μεγαλύτερη πόλη της Περιφέρειας Πελοποννήσου με 30.177 κατοίκους, σύμφωνα με την Απογραφή του 2011. Η Κόρινθος αποτελεί συνέχεια της αρχαίας Κορίνθου. Το 1858 η παλαιά πόλη της Κορίνθου, γνωστή πλέον ως Αρχαία Κόρινθος, ισοπεδώθηκε από σεισμό. Αυτό οδήγησε στο κτίσιμο της νέας πόλης ΝΑ του αρχαίου λιμανιού του Λεχαίου, στις όχθες του Κορινθιακού Κόλπου.', 0, 'images/korinthos', 0),
(48, 'Σπάρτη', 'Λακωνίας', 'Η Σπάρτη είναι πόλη της Πελοποννήσου και πρωτεύουσα του Νομού Λακωνίας, στην Ελλάδα. Έχει πληθυσμό 16.239 κατοίκους. Η σημερινή Σπάρτη είναι χτισμένη στις ανατολικές υπώρειες του Ταΰγετου, νότια από το κέντρο της αρχαίας ομώνυμης πόλης, κοντά στη δεξιά όχθη του ποταμού Ευρώτα και σε υψόμετρο 210 μ. Η πόλη επανιδρύθηκε μετά την απελευθέρωση της χώρας το 1834, ύστερα από απόφαση του βασιλιά Όθωνα και σε επίσημη τελετή την 1 Ιανουαρίου 1857 έγινε η εγκαθίδρυση των αρχών από το Μυστρά στη νέα πόλη, που ήταν και η πρώτη στην Ελλάδα που χαράχθηκε με πολεοδομικό σχέδιο. Έχει πλατείς και δεντροφυτεμένους δρόμους, μεγάλες πλατείες, νεοκλασικές οικοδομές και πλούσια ύδρευση.', 0, 'images/sparth', 0),
(49, 'Καλαμάτα', 'Μεσσηνίας', 'Η Καλαμάτα, παλαιότερα Καλάμαι ή, κατά την εποχή του Ομήρου, Φαρές είναι πόλη της νοτιοδυτικής Πελοποννήσου, πρωτεύουσα του Νομού Μεσσηνίας και λιμάνι της νότιας ηπειρωτικής Ελλάδας. Η Καλαμάτα έχει πληθυσμό 54.100 κατοίκους, ενώ o Δήμος Καλαμάτας έχει πληθυσμό 69.849 κατοίκους, σύμφωνα με την Απογραφή του 2011. Η πόλη είναι κτισμένη στους πρόποδες του όρους Καλάθι (παρυφή του Ταϋγέτου), στην καρδιά του Μεσσηνιακού κόλπου. Απέχει 223 χιλιόμετρα από την Αθήνα, 215 χλμ. από την Πάτρα και 715 χλμ. από τη Θεσσαλονίκη. Έχει εύκρατο μεσογειακό κλίμα, με ήπιους χειμώνες και ζεστά καλοκαίρια. Καθημερινά στο ευρύτερο αστικό κέντρο της Καλαμάτας έρχονται και εργάζονται πάνω από 50.000 άνθρωποι από τις διπλανές πόλεις Μεσσήνη, Θουρία, Μελιγαλά, Άρι κ.α.', 0, 'images/kalamata', 0),
(50, 'Ρόδος', 'Δωδεκανήσου', 'Η Ρόδος είναι ένα νησί της Ελλάδας που βρίσκεται στο νοτιοανατολικό Αιγαίο. Βρίσκεται περίπου 350 χλμ νοτιοανατολικά της Αθήνας και 18 χλμ νοτιοδυτικά της Τουρκίας. Με έκταση 1.400,684 τ. χλμ. είναι το μεγαλύτερο νησί των Δωδεκανήσων, το τέταρτο σε σειρά ολόκληρης της χώρας και το ένατο της Μεσογείου. Βρέχεται από το Αιγαίο Πέλαγος. Διαθέτει ακτογραμμή μήκους 253 χλμ. και το υψηλότερο σημείο της είναι η κορυφή του όρους Αττάβυρος σε ύψος 1.215 μ. Σύμφωνα με την απογραφή του 2011, ο πληθυσμός του νησιού ανέρχεται σε 115.490 κατοίκους, γεγονός που καθιστά τη Ρόδο το τρίτο πολυπληθέστερο ελληνικό νησί.Στο βορειοανατολικό άκρο του νησιού βρίσκεται η πρωτεύουσά του, η πόλη της Ρόδου, που με πληθυσμό περίπου 55.000 κατοίκους αποτελεί και τον μεγαλύτερο οικισμό του. Εντός των ορίων της πόλης της Ρόδου, βρίσκεται η Μεσαιωνική πόλη της Ρόδου ή Παλιά Πόλη, όπως αποκαλείται από τους ντόπιους, μια από τις καλύτερα διατηρημένες μεσαιωνικές πόλεις του κόσμου, που έχει αναγνωριστεί από το 1988 ως μνημείο παγκόσμιας κληρονομιάς της UNESCO. Εντός των τειχών της Παλιάς Πόλης βρίσκονται αξιόλογα μνημεία από τη Βυζαντινή εποχή, την Τουρκοκρατία και την περίοδο της Ιταλοκρατίας, με επιβλητικότερο το παλάτι του Μεγάλου Μαγίστρου.Στα βορειοδυτικά και σε απόσταση περίπου 12 χλμ από την πόλη, βρίσκεται o Κρατικός Αερολιμένας Ρόδου «Διαγόρας», που αποτελεί την κύρια πύλη εισόδου των επισκεπτών στο νησί. Το γεγονός ότι κατατάσσεται σταθερά τέταρτο σε αφίξεις σε εθνικό επίπεδο, καθώς επίσης και το γεγονός ότι οι επισκέπτες που καταφτάνουν στο νησί με κάποιο κρουαζιερόπλοιο απαριθμούνται σε δεκάδες χιλιάδες ανά έτος, αποδεικνύουν πως η Ρόδος είναι ένας διεθνώς αναγνωρισμένος τουριστικός προορισμός με ιδιαίτερη σημασία για την ελληνική οικονομία.', 0, 'images/rodos', 0),
(52, 'Νάξος', 'Κυκλάδων', 'Η Νάξος είναι ελληνικό νησί, με έκταση 429,79 τ.χλμ. και απέχει 103 ναυτικά μίλια από τον Πειραιά. Αποτελεί το μεγαλύτερο νησί των Κυκλάδων, στο Αιγαίο Πέλαγος. Κατά την παράδοση, οι πρώτοι κάτοικοι του νησιού ήταν οι Θράκες και οι Πελασγοί. Αργότερα ήρθαν οι Κάρες, με αρχηγό τον Νάξο, στον οποίο και αποδίδεται το όνομα του νησιού. Υπήρξε το κέντρο του αρχαϊκού κυκλαδικού πολιτισμού. Το νησί είναι γνωστό ως πηγή σμύριδας, ενός πετρώματος πλούσιου σε κορούνδιο, το οποίο μέχρι τη σύγχρονη εποχή ήταν ένα από τα καλύτερα διαθέσιμα λειαντικά. Η μεγαλύτερη πόλη και πρωτεύουσα του νησιού είναι η Χώρα ή Νάξος, με 7.070 κατοίκους (απογραφή 2011). Τα κυριότερα χωριά είναι το Φιλώτι, η Απείρανθος, η Βίβλος (Τρίποδες), ο Άγιος Αρσένιος, η Κόρωνος, το Γλυνάδο.Η Νάξος, το μεγαλύτερο και πιο εύφορο νησί των Κυκλάδων, βρίσκεται στο κέντρο περίπου των Κυκλάδων, νότια της Μυκόνου και ανατολικά της Πάρου. Έχει έκταση 430 τετρ. χλμ. και το μήκος των ακτών της ανέρχεται σε 148 χλμ. Το ανάγλυφο του νησιού διαμορφώνεται από το όρος Ζας ή Δρίο, μια χαμηλή οροσειρά που το διασχίζει από βορρά προς νότο, με ψηλότερη κορυφή τον Νάξιο Δία ή Ζα (1.002 μ.). Η ονομασία αυτή οφείλεται στη μυθολογική παράδοση που υποστηρίζει ότι ο Δίας γεννήθηκε και ανατράφηκε στη Νάξο. Στην οροσειρά αυτή, από βορρά προς νότο συναντάμε τις εξής κορυφές: Κατσόπρινο (422 μ.), Αναθεματίστρα (778 μ.), Κόρωνος (997 μ.), Μαυροβούνι (869 μ.), Ζας, Καβαλλάρης (521 μ.) και Βιγλατούρι (418 μ.). Οι ανατολικές πλαγιές της οροσειράς είναι απότομες, ενώ οι δυτικές «κατεβαίνουν» ομαλά προς μια πυκνοκατοικημένη περιοχή με καλλιεργήσιμα εδάφη. Παλαιότερα η Νάξος είχε πολύ πλούσια χλωρίδα και πανίδα. Μέχρι και τον 17ο αιώνα ζούσαν στο νησί ελάφια και συνηθιζόταν το κυνήγι τους από τους ντόπιους ευγενείς ή από τους περαστικούς αξιωματούχους. Εκείνη την εποχή ο Γάλλος περιηγητής Ζαν ντε Τεβενό αναφέρει ότι στην περιοχή του Απλικιού υπήρχαν πολλά έλη και ψαρεύονταν τεράστιες ποσότητες χελιών. Σήμερα δύο περιοχές του νησιού, η κεντρική-ορεινή-νότια παραλιακή ζώνη και ο υγρότοπος της αλυκής Νάξου, έχουν χαρακτηριστεί τόποι ιδιαίτερης οικολογικής και κοινωνικής αξίας και εντάχθηκαν στο ευρωπαϊκό δίκτυο Natura 2000. Επίσης, οι βιότοποι του Ζα και της Κορώνου έχουν καταγραφεί στη λίστα Corine, ως περιοχές ιδιαίτερης οικολογικής σημασίας. Το νησί είναι πλούσιο σε πηγές και ρέματα, στα οποία και οφείλεται η πλούσια βλάστησή του, η πλουσιότερη απ\' όλα τα νησιά των Κυκλάδων -εξ ου και η άποψη του Ηροδότου ότι «ευδαιμονίη των νήσων προσέφερε». Οι ακτές της είναι ελάχιστα διαμελισμένες, αλλά με πλούσιες αμμουδιές, που προσφέρονται για κολύμπι και ξεκούραση.Η Νάξος γεωτεκτονικά ανήκει στην Αττικο-κυκλαδική ζώνη, με κυρίαρχα τα σχιστολιθικά πετρώματα. Σημαντικός είναι επίσης ο ορυκτός πλούτος της, με δύο ευρέως γνωστά προϊόντα: το μάρμαρο και τη σμύριδα Νάξου ή ναξία γη. Γεωλογικά, η Νάξος αποτελεί ένα πλούσιο γεωλογικό πάρκο από κρυσταλλοσχιστώδη πετρώματα μη αξιοποιήσιμο ακόμη. Τα πετρώματα αυτά είναι κυρίως κρυσταλλοπαγείς σχιστόλιθοι, γνεύσιοι και μάρμαρα σε εναλλασσόμενα στρώματα με όγκους γρανίτη, κοντά σχετικά στην πόλη της Νάξου και στο βορειοδυτικό τμήμα του νησιού. Πετρώματα πλειστόκαινου περιόδου υπάρχουν στη χερσόνησο της Στυλίδας, κυρίως ψαμμίτες, καθώς και βόρεια-βορειοανατολικά κοντά στις παράκτιες περιοχές του νησιού. Επίσης απαντώνται και πλούσια εκρηξιγενή πετρώματα κοντά στις Εγγαρές και αλλού. Εκτός όμως των μαρμάρων στο κέντρο και βορειοανατολικά κοντά στη Κόρωνο, υπάρχουν επίσης τα περίφημα κοιτάσματα σμύριδας ή ναξίας γης. Το μοναδικό μέρος του κόσμου στο οποίο απαντάται η σμύριδα σε εκμεταλλεύσιμη ποσότητα, είναι το νησί της Νάξου και θεωρείται υψηλής ποιότητας. Το κλίμα του νησιού είναι μεσογειακό, ήπιο και ξηρό, με δροσερά καλοκαίρια και ήπιους χειμώνες. Τα κυριότερα ακρωτήρια της Νάξου είναι ο Σταυρός, Μουτσούνα, Πάνορμος, Κατωμεριά, Κούρουπας, Παρθένος, Προκόπης, Μουγκρί, Γαΐτάνη και Αιμιλιανός.', 0, 'images/naxos', 0),
(53, 'Λέσβος', 'Λέσβου', 'Η Λέσβος είναι ελληνικό νησί στο βορειοανατολικό Αιγαίο. Είναι το τρίτο σε μέγεθος νησί της Ελλάδος μετά την Κρήτη και την Εύβοια, με έκταση 1.636 τ.χλμ. και ακτογραμμή 459 χλμ. Το νησί έχει πληθυσμό 85.330 κατοίκους, σύμφωνα με την Απογραφή του 2011. Διοικητικά ανήκει στην Περιφερειακή Ενότητα Λέσβου της Περιφέρειας Βορείου Αιγαίου. Βρίσκεται απέναντι από τις Τουρκικές ακτές. Είναι ένα εύφορο νησί, κατάφυτο από πευκώνες και ελαιώνες, με έντονες εναλλαγές των τοπίων. Έχει δύο κόλπους. Ο μεγαλύτερος είναι της Καλλονής και ο μικρότερος της Γέρας. Η πόλη της Μυτιλήνης (απ΄ όπου η άλλη κοινή ονομασία του νησιού), βρίσκεται κτισμένη στο νοτιοανατολικό άκρο του νησιού και επάνω σε επτά λόφους. Ως σύγχρονη πόλη και διοικητικό, εμπορο-οικονομικό και πνευματικό κέντρο πληθυσμού 27.871 κατοίκων αποτελεί την έδρα του νησιού, του Πανεπιστημίου Αιγαίου, της Περιφερειακής Ενότητας Λέσβου και της Περιφέρειας Βορείου Αιγαίου, καθώς επίσης και του Υπουργείου Αιγαίου. Σημαντικές κωμοπόλεις του νησιού είναι η Αγία Παρασκευή με 2.268 κατοίκους, η Αγιάσος με 2.498, η Καλλονή με 1.732, ο Πολιχνίτος με 2.763, το Πλωμάρι με 3.377, κ.α. Η Λέσβος θεωρείται πατρίδα του ούζου, λόγω της εκτεταμένης ενασχόλησης των κατοίκων με την ποτοποιία. Αρκετές γνωστές μάρκες ούζου προέρχονται απ\' το νησί. Επίσης το νησί φημίζεται για τις σαρδέλες Καλλονής (παπαλίνα), το ελαιόλαδο, αλλά και τα τυροκομικά προϊόντα.', 0, 'images/lesvos', 0),
(54, 'Σάμος', 'Σάμου', 'Η Σάμος είναι ελληνικό νησί του ανατολικού Αιγαίου περί το μέσον αυτού και ανατολικά του Ικαρίου πελάγους, και ανήκει στον ομώνυμο νομό Σάμου. Σύμφωνα με την απογραφή του 2011, έχει 32.974 κατοίκους. Το νησί είναι σήμερα γνωστό για το γλυκό μοσχάτο κρασί του «Νέκταρ», την οργιώδη βλάστηση και τα τουριστικά αξιοθέατά του, αλλά και για τις προσωπικότητες που παρείχε στην ελληνική ιστορία, όπως τον Πυθαγόρα, τον φιλόσοφο Επίκουρο, τον αστρονόμο Αρίσταρχο που φέρεται να σχεδίασε τον πρώτο ηλιοκεντρικό χάρτη και άλλους. Επίσης εκεί παρήχθησαν τα πρώτα χάλκινα αγάλματα και τα αγγεία της Σάμου ήταν ξακουστά το 550 π.Χ. Από το Ποτάμι μπορεί κανείς να ξεκινήσει για να επισκεφτεί τους καταρράκτες. Οι καταρράκτες είναι νερό του ποταμιού που πέφτει από ψηλά και σχηματίζει μια μικρή λιμνούλα. Εκεί το καλοκαίρι μαζεύονται εκατοντάδες ντόπιοι και ξένοι και θαυμάζουν την άγρια ομορφιά, χωρίς βέβαια να παραλείπουν να δροσιστούν κάτω από τα νερά που πέφτουν με ορμή. Επίσης πολλά αξιοθέατα έχουν χαρακτηριστεί μνημεία της UNESCO. Σημαντικά αξιοθέατα του νησιού είναι τα εξής:\r\n\r\n-Ηραίον Σάμου: Το Ηραίον Σάμου βρίσκεται 3 χιλιόμετρα δυτικά από το Πυθαγόρειο και είναι αφιερωμένο στην θεά Ήρα.\r\n-Ευπαλίνειο Όρυγμα: Βρίσκεται δύο χιλιόμετρα από το Πυθαγόρειο στην αρχαία σήραγγα που μνημονεύεται από τον Ηρόδοτο ως το Αμφίστομο όρυγμα.\r\n-Σπήλαιο του Πυθαγόρα: Βρίσκεται στους πρόποδες του Κέρκη και σύμφωνα με την παράδοση εδώ κατέφυγε για να κρυφτεί ο φιλόσοφος Πυθαγόρας.\r\n-Αρχαίο Θέατρο: Βρίσκεται μόλις 2 χιλιόμετρα από το Πυθαγόρειο, στη διαδρομή προς την Ιερά Μονή Παναγίας Σπηλιανής και προς το δρόμο που οδηγεί στο Ευπαλίνειο Όρυγμα. Η αρχική του κατασκευή έχει υποστεί πολλές φθορές και καταστροφές. Σήμερα μένουν μόνο κάποια μέρη του. Στην ίδια θέση έχει κατασκευαστεί σύγχρονη ξύλινη κατασκευή στην οποία δίνονται παραστάσεις, κυρίως τους θερινούς μήνες, στα πλαίσια πολιτιστικών φεστιβάλ (Φεστιβάλ Μανώλης Καλομοίρης).\r\n-Αρχαιολογικό Μουσείο Σάμου: Το μουσείο στεγάζεται σε δύο κτίρια. Το παλιό μουσείο του 1912, το λεγόμενο Πασχάλειον αρχαιοφυλάκειον και το νέο Μουσείο.\r\n-Νέο Αρχαιολογικό Μουσείο Πυθαγορείου: Το νέο Αρχαιολογικό Μουσείο περιλαμβάνει αγάλματα, επιτύμβιες στήλες, σαρκοφάγους, μαρμάρινους αδριάντες και κεραμικά. Σημαντικό έκθεμα αποτελεί το καθιστό άγαλμα που αφιέρωσε ο Αιάκης στην Ήρα (540 π.Χ.) και το άγαλμα του Αυτοκράτορα Τραϊανού ύψους 2,7 μέτρων.\r\nΑρχαιολογική Συλλογή Πυθαγορείου: Η Αρχαιολογική Συλλογή του Πυθαγορείου που στεγάζεται στο ισόγειο του δημαρχιακού κτιρίου.\r\n-Λαογραφικό Μουσείο του Πνευματικού Ιδρύματος Νικολάου Δημητρίου\r\n-Μουσείο Βυρσοδεψίας στο Καρλόβασι\r\n-Λαογραφικό Μουσείο στο Καρλόβασι', 0, 'images/samos', 0),
(55, 'Χίος', 'Χίου', 'Η Χίος είναι νησί του Κεντρικού Αιγαίου και το πέμπτο μεγαλύτερο της Ελλάδας με έκταση 842 τετρ.χιλιόμετρα και μήκος ακτών 213 χιλιόμετρα. Διοικητικά αποτελεί την Περιφερειακή Ενότητα Χίου που ανήκει στην Περιφέρεια Βορείου Αιγαίου μαζί με τα Ψαρά και τα Αντίψαρα (δυτικά) και τις Οινούσσες (ανατολικά). Ο πληθυσμός ανέρχεται σε 51.320 κατοίκους (απογραφή 2011) που ζει στην πόλη της Χίου, πρωτεύουσα και κύριο λιμάνι του νησιού, καθώς και στα 64 χωριά του νησιού. Ακόμα η Χίος έχει μεγάλη απόδημη κοινότητα σε Λονδίνο και Νέα Υόρκη. Η μικρότερη απόσταση του νησιού από τις απέναντι ακτές της Μικράς Ασίας, είναι 3,5 ναυτικά μίλια από το ακρωτήριο Πούντα ως τη χερσόνησο της Ερυθραίας, στο ύψος του Τσεσμέ. Τα κύρια προϊόντα που εξάγει είναι η ονομαστή χιώτικη μαστίχα, το λάδι, τα σύκα και το κρασί, ενώ έχει διεθνή φήμη για το μέγεθος και την ποιότητα της ναυτιλίας της. Η πρωτεύουσα του νησιού, η πόλη Χίος, είναι γνωστή στου ντόπιους ως Χώρα. Ακόμη, ξεχωρίζουν αρκετοί οικισμοί που είναι γνωστοί για τα αρχιτεκτονικά τους χαρακτηριστικά.', 0, 'images/xios', 0),
(56, 'Μεσολόγγι', 'Αιτωλίας & Ακαρνανίας', 'Το Μεσολόγγι είναι πόλη της δυτικής Στερεάς Ελλάδος, πρωτεύουσα της Περιφερειακής Ενότητας Αιτωλοακαρνανίας και έδρα του Δήμου Ιεράς Πόλεως Μεσολογγίου. Η πόλη, κτισμένη στον προσχωσιγενή βραχίονα που σχηματίζεται ανάμεσα στην ομώνυμη λιμνοθάλασσα και στη λιμνοθάλασσα της Κλείσοβας, βρίσκεται 247 χλμ. δυτικά της Αθήνας και σε απόσταση περίπου 37 χλμ. νοτιότερα του Αγρινίου και 34 χλμ. δυτικότερα του Αντιρρίου. Ο πληθυσμός του Καλλικρατικού δήμου, σύμφωνα με τα οριστικά αποτελέσματα της Απογραφής του 2011, ανέρχεται σε 34.416 κατοίκους, ενώ της πόλης σε 12.785 μόνιμους κατοίκους.Στην πόλη βρίσκονται, μεταξύ άλλων, η κατοικία της οικογένειας Τρικούπη, του ποιητή Κωστή Παλαμά, η Βάλβειος βιβλιοθήκη, η οποία αποτελεί και την δημόσια δημοτική βιβλιοθήκη της πόλης με σπάνια βιβλία και ντοκουμέντα, η γκαλερί σύγχρονης τέχνης των Χρήστου και Σοφίας Μοσχανδρέου με πλήθος έργων σημαντικών Ελλήνων δημιουργών. Επίσης υπάρχουν εκεί, το Κέντρο Λόγου και Τέχνης, η Διέξοδος ένα από τα σημαντικότερα πολιτιστικά κύτταρα όχι μόνο της πόλης, αλλά ολόκληρης της Δυτικής Ελλάδας, το οποίο ευθύνεται για την διοργάνωση πλείστων εκδηλώσεων όπως εκθέσεων, σεμιναρίων, βιντεοπροβολών, παρουσιάσεων, επιστημονικών συνεδρίων και το Μουσείο Ιστορίας και Τέχνης στην πλατεία Μάρκου Μπότσαρη με πλούσια ενθυμήματα του Αγώνα του 1821. Τα τείχη και η πύλη της πόλης παραμένουν επιβλητικά και κανείς μπορεί να επισκεφθεί τον Κήπο των Ηρώων όπου έχουν θαφτεί πολλοί γνωστοί και άγνωστοι ήρωες που πολέμησαν στην Ηρωική Έξοδο. Οι εορτές Εξόδου λαμβάνουν χώρα κάθε χρόνο στο Μεσολόγγι προς τιμήν της Εξόδου του Μεσολογγίου. Κορυφώνονται το Σαββάτο του Λαζάρου και την Κυριακή των Βαίων, με την μεγάλη πομπή να διασχίζει την πόλη και να καταλήγει στον Κήπο των Ηρώων. Οι συμμετέχοντες στην πομπή ντύνονται με παραδοσιακές στολές και με πένθιμο βηματισμό, συνοδεύουν την εικόνα της Εξόδου. Το βράδυ του Σαββάτου, μετά την καθιερωμένη λιτανευτική πομπή, λαμβάνει χώρα η αναπαράσταση της ανατίναξης του δημογέροντα Χρήστου Καψάλη. Είναι η πιο σημαντική τοπική εορτή την οποία τιμούν με την παρουσία τους πολλές πολιτικές προσωπικότητες, όχι μόνο της Ελλάδας αλλά και άλλων χωρών.', 0, 'images/mesologgi', 0),
(57, 'Λιβαδειά', 'Βοιωτίας', 'Η πόλη βρίσκεται σε υψόμετρο 160 μέτρων, στο βορειοδυτικό τμήμα του νομού, 130 χιλιόμετρα βορειοδυτικά της Αθήνας και 30 περίπου χιλιόμετρα από την πλησιέστερη ακτή του νομού (Παραλία Διστόμου, όπου βρίσκεται ο οικισμός Άσπρα Σπίτια που αποτελούν το επίνειο αυτής). Ως προς το φυσικό τοπίο, η θέση της πόλης βρίσκεται στο δυτικό άκρο της πεδιάδας της Κωπαΐδας, παρά την αποξηρανθείσα ομώνυμη λίμνη και στους πρόποδες του όρους Ελικώνα, ο οπόιος υψώνεται νοτίως της πόλης, ενώ αρκετά βορειοδυτικότερα σχηματίζεται o Παρνασσός. Εξαιρετικά σημαντικός στην δημιουργία και εξέλιξη της πόλης είναι ο μικρός ποταμός της Έρκυνας, ο οποίος διαρρέει την πόλη σε άξονα νότο προς βορρά, για να ενωθεί με τον Μακρισσό ποταμό και αργότερα με τον βοιωτικό Κηφισό. Οι τέσσερις κυριότερες πλατείες της πόλης της Λιβαδειάς είναι οι εξής: Λάμπρου Κατσώνη (ή Ζάππειο), Εθνικής Αντιστάσεως (η Κεντρική Πλατεία), η πλατεία Ταμπάχνας και η πλατεία Αγίου Μελετίου στον προσφυγικό συνοικισμό. Εκ των κυρίων οικοδομών της πόλης είναι το Άσυλο Ανιάτων, το κτίριο της Εθνικής Τράπεζας της Ελλάδος και οι τέσσερις κύριοι ναοί: της Παναγίας Θεοτόκου, του Αγίου Νικολάου, του Αγίου Γεωργίου και της Ευαγγελίστριας. Ο πληθυσμός της Λιβαδειάς είναι 21.379 σύμφωνα με την απογραφή του 2011.', 0, 'images/livadeia', 0),
(58, 'Χαλκίδα', 'Εύβοιας', 'Η Χαλκίδα είναι η πρωτεύουσα και ο κύριος λιμένας της Περιφερειακής Ενότητας Εύβοιας, στην Περιφέρεια Στερεάς Ελλάδας. Βρίσκεται κτισμένη στις δύο πλευρές του Πορθμού του Ευρίπου, όπου ένα μέρος της καταλαμβάνει τμήμα της νήσου Ευβοίας, το δε άλλο έχει κτιστεί στη Στερεά Ελλάδα. Στην ηπειρωτική πλευρά της, στον λόφο της Κανήθου, δεσπόζει το Οθωμανικό κάστρο του Καράμπαμπα, το οποίο , μαζί με τη Γέφυρα του Ευρίπου και το μοναδικό φαινόμενο αλλαγής της κατεύθυνσης των υδάτων, ανά έξι ώρες και ενδιάμεσα (περίπου) ένα δεκάλεπτο στασιμότητας (παλίρροια του Ευρίπου), αποτελούν τα σημαντικότερα χαρακτηριστικά γνωρίσματά της. Σύμφωνα με την απογραφή του 2011, η Χαλκίδα έχει πληθυσμό 59.125 κατοίκους. Η Χαλκίδα, με τα δύο λιμάνια στον Εύριπο, υπήρξε μία από τις πιο δραστήριες πόλεις της αρχαίας Ελλάδας. Δημιούργησε αποικίες από τη Θράκη ως την Ιταλία και τη Σικελία. Η επίκαιρη γεωγραφική και στρατηγική της θέση συχνά την ανάγκασε να υπαχθεί στις κατακτητικές βλέψεις διαφόρων δυνάμεων κατά την ιστορική της διαδρομή, αλλά και να αποτελέσει αναπόσπαστο τμήμα των αυτοκρατοριών τόσο της αρχαιότητας, όσο και του Μεσαίωνα. Το κάστρο Καράμπαμπα βρίσκεται στην ηπειρωτική πλευρά της πόλης, στον λόφο που ονομάζεται Φούρκα, στη συνοικία της Κανήθου. Η θέση του είναι στρατηγική, καθώς ελέγχει τον πορθμό του Ευρίπου και την πόλη της Χαλκίδας. Η θέση του Κάστρου ταυτίζεται από μερικούς μελετητές με την αρχαία πόλη Κάνηθο, καθώς σώζονται σποραδικά ίχνη κτισμάτων και τάφων στην επιφάνεια του εδάφους. Ο λόφος πιθανότατα οχυρώθηκε για πρώτη φορά κατά τη Ρωμαϊκή περίοδο, αλλά είναι βέβαιο ότι δεν είχε οχύρωση στους Βυζαντινούς χρόνους και κατά τη διάρκεια της Βενετοκρατίας και τους πρώτους αιώνες της Τουρκοκρατίας. Το φρούριο που σώζεται σήμερα οικοδομήθηκε από τους Τούρκους το 1684, με σκοπό την προστασία της Χαλκίδας από τους Βενετούς. Σχεδιάστηκε από τον Βενετό Gerolimo Galopo και η αρχιτεκτονική του είναι περισσότερο Ευρωπαϊκή και λιγότερο Τουρκική, με στενόμακρο περίβολο, προσανατολισμένο Α-Δ, με προτείχισμα στη βόρεια πλευρά, τρεις προμαχώνες και έναν μεγάλο πύργο. Το νότιο τμήμα του τοίχου διατηρείται σε κακή κατάσταση. Αρχαία αρχιτεκτονικά μέλη έχουν εντοιχισθεί σε αρκετά σημεία του περιβόλου. Ο πιο σύνθετος, εξαγωνικός προμαχώνας βρίσκεται στην ανατολική πλευρά, προς τη Χαλκίδα. Στις επάλξεις διατηρούνται δύο ρωσικά κανόνια του 19ου αιώνα. Η μοναδική πύλη του φρουρίου βρίσκεται στη ΝΑ πλευρά του τείχους, ενώ γύρω της έχουν οικοδομηθεί κτήρια στρατιωτικού χαρακτήρα. Στον ανατολικό τοίχο του περιβόλου, μεταξύ της πύλης και του ανατολικού πύργου, βρίσκεται κωδωνοστάσιο, κτισμένο στη θέση όπου βρισκόταν η καμπάνα του συναγερμού του φρουρίου. Το μόνο καλά σωζόμενο κτίσμα μέσα στον περίβολο είναι ναός αφιερωμένος στον Προφήτη Ηλία, που χρονολογείται το 1895. Το δυτικό άκρο του τείχους καταλαμβάνει επτάπλευρος πύργος, η μεγαλοπρεπέστερη αμυντική κατασκευή του φρουρίου. Η είσοδος στον πύργο γίνεται από στενό καμαροσκεπή διάδρομο, που θυμίζει λαβύρινθο. Το φρούριο πολιορκήθηκε ανεπιτυχώς από τον Μοροζίνι το 1688 και οι Τούρκοι κατόρθωσαν να διατηρήσουν την κυριότητά του έως την απελευθέρωση της Ελλάδας, οπότε και το παρέδωσαν στο Ελληνικό κράτος. Στο κάστρο του Καράμπαμπα βρίσκεται και ο τάφος του συγγραφέα Γιάννη Σκαρίμπα, ο οποίος έζησε και εργάστηκε στην πόλη της Χαλκίδας.', 0, 'images/halkida', 0),
(59, 'Καρπενήσι', 'Ευρυτανίας', 'Το Καρπενήσι είναι πρωτεύουσα του Νομού Ευρυτανίας και του Δήμου Καρπενησίου. Βρίσκεται στο κέντρο του Νομού, στη νοτιοδυτική πλευρά του Τυμφρηστού σε υψόμετρο 970 μέτρα. Απέχει 78 χλμ από τη Λαμία και 111 χλμ από το Αγρίνιο, μέσω της Γέφυρας Επισκοπής. Η λέξη Καρπενήσι προέρχεται από την αρωμουνική λέξη kárpinu (οστρύα, γάβρος) + περιεκτική κατάληξη -iş, κι αυτή από τη λατινική carpinus, που σημαίνει γάβρος, οστρύα· είναι δηλαδή φυτωνύμιο. Συνεπώς, η ετυμολογικώς ορθή γραφή είναι Καρπενίσι. Το -η- εμφανίζεται από παρετυμολογία με την ελληνική λέξη νησί. Το Καρπενήσι, όπως και όλος ο νομός, βρίσκεται σε ορεινή περιοχή εξαιρετικού φυσικού κάλλους, πλούσια σε βλάστηση. Η παραδοσιακή αρχιτεκτονική έχει διατηρηθεί σε αρκετό βαθμό, τόσο στα γύρω χωριά όσο και μέσα στην πόλη, με πλήθος καλοδιατηρημένων κτιρίων. Στην πόλη λειτουργεί το \"Μουσείο Βουνού\" και το \"ΚΙΠΕ - Κέντρο Ιστορίας Πολιτισμού Ευρυτανίας\" ενώ στα γύρω χωριά υπάρχει πλήθος από λαογραφικά μουσεία. Σε απόσταση 11 χλμ. βρίσκεται και το χιονοδρομικό κέντρο του Βελουχιού.', 0, 'images/karpenhsi', 0),
(60, 'Λαμία', 'Φθιώτιδας', 'Η Λαμία (αναφερόμενη από τον 8ο μέχρι το 19ο αιώνα με το όνομα Ζητούνι) είναι πόλη και πρωτεύουσα της Περιφερειακής Ενότητας Φθιώτιδας. Έχει πληθυσμό 52.006 κατοίκους και βρίσκεται στις πλαγιές του όρους Όθρυς, κοντά στον ποταμό Σπερχειό. Αποτελεί κέντρο εύφορης αγροτικής και κτηνοτροφικής περιοχής. Με την εφαρμογή, την 1η Ιανουαρίου του 2011, του αυτοδιοικητικού Προγράμματος «Καλλικράτης», η Λαμία παρέμεινε ως έδρα του διευρυμένου Δήμου Λαμιέων, ο οποίος έχει πληθυσμό 75.315 κατοίκους (επίσημη Απογραφή 2011). Επίσης, παρέμεινε έδρα της Περιφέρειας Στερεάς Ελλάδας, συσσωρεύοντας όλες τις προβλεπόμενες υπηρεσίες. Κατά τη μυθολογία, η Λαμία χτίστηκε απ\' το Λάμο, το γιο του Ηρακλή και Ομφάλης, της ακόλαστης χήρας - βασίλισσας της Λυδίας που αγόρασε απ\' τον Ερμή τον Ηρακλή. Μια άλλη εκδοχή είναι ότι χτίστηκε απ\' τη Λαμία, τη Βασίλισσα των Τραχινίων, θυγατέρα του Ποσειδώνα. Η λέξη Λαμία ετυμολογικά συγγενεύει με το «λαιμός» ή «λάμος», που σημαίνει χάσμα, βάραθρο ή και αχόρταγος, λαίμαργος. Γνωστό πως μέσα από την πόλη περνούσε μεγάλο και βαθύ ρέμα. Στη βορειανατολική πλευρά της Πλατείας Λαού, σε πρόσφατη ανασκαφή για ανοικοδόμηση αποκαλύφθηκε ένα βαθύ φαράγγι με τρεχούμενο νερό. Άλλωστε, και τα πλατάνια της είναι αδιάψευστοι μάρτυρες. Δεν αποκλείεται, λοιπόν, η Λαμία να ονομάστηκε έτσι από τούτο το ρέμα και τις πολλές της λάμιες που ζούσαν κείνα τα χρόνια στην πυκνή της βλάστηση. Άλλη θεωρία είναι εκείνη που αναφέρει ο Αριστοτέλης. Η λέξη Λαμία είναι γένους θηλυκού, ονόματος επιθέτου και σημαίνει την περιοχή, τη χώρα, την πόλη που βρίσκεται ανάμεσα σε δύο λόφους. Γύρω στα 19 μ.Χ. η Λαμία για πρώτη φορά χάνει τ\' όνομά της και λέγεται Σεβαστή προς τιμήν του Ρωμαίου αυτοκράτορα («Σεβαστός» ήταν η ελληνική απόδοση του λατινικού τίτλου Augustus).', 0, 'images/lamia', 0),
(61, 'Άμφισσα', 'Φωκίδας', 'Η Άμφισσα είναι η πρωτεύουσα της Περιφερειακής Ενότητας Φωκίδας και της τέως επαρχίας Παρνασσίδας, με πληθυσμό 6.919 κατοίκους (Απογραφή 2011). Βρίσκεται στο βόρειο άκρο του Ελαιώνα της Άμφισσας, δηλαδή του αρχαίου Κρισαίου Πεδίου, στους πρόποδες του βουνού Έλατος της Γκιώνας, ενώ ανατολικά της βρίσκεται ο Παρνασσός. Η Άμφισσα είναι τοποθετημένη νότια της Λαμίας, βορειοδυτικά της Λιβαδειάς και των Δελφών, βορειοανατολικά της Ναυπάκτου και ανατολικά του Λιδορικίου. Το επίνειό της είναι η Ιτέα, η οποία απέχει 13 χιλιόμετρα και με την οποία η Άμφισσα συνδέεται οδικά. Διοικητικά η Άμφισσα είναι η έδρα του Δήμου Δελφών και της Περιφερειακής Ενότητας Φωκίδας. Η Δημοτική Ενότητα Άμφισσας έχει συνολικό πληθυσμό 8.370 κατοίκους και περιλαμβάνει τα χωριά Αγία Ευθυμία, Άγιος Γεώργιος, Άγιος Κωνσταντίνος, Δροσοχώρι, Ελαιώνας, Βίνιανη, Μοναστήρι, Προσήλιο και Σερνικάκι. Παλιότερα, οι κάτοικοι ασχολούνταν με επαγγέλματα όπως η βυρσοδεψεία, η κωδωνοποιία και η σχοινοποιία, για τα οποία η Άμφισσα ήταν γνωστή, ενώ σήμερα υπάρχουν ελάχιστοι που ασχολούνται με αυτά. Το μεγαλύτερο μέρος των κατοίκων της ασχολείται με την καλλιέργεια της ελιάς, αφού υπάρχει στην περιοχή τεράστια συνεχόμενη έκταση με ελιές, η οποία ονομάζεται \"Ελαιώνας της Άμφισσας\", όπου παράγονται οι \"ελιές Αμφίσσης\", και η οποία προστατεύεται ως μέρος του Δελφικού Τοπίου.', 0, 'images/amfissa', 0);

-- --------------------------------------------------------

--
-- Δομή πίνακα για τον πίνακα `comments`
--

CREATE TABLE `comments` (
  `comment_id` int(11) NOT NULL,
  `comment_text` varchar(500) NOT NULL,
  `city_id` int(11) NOT NULL,
  `user_id` int(11) NOT NULL,
  `date_created` timestamp NOT NULL DEFAULT current_timestamp() ON UPDATE current_timestamp()
) ENGINE=InnoDB DEFAULT CHARSET=utf8mb4;

--
-- Άδειασμα δεδομένων του πίνακα `comments`
--

INSERT INTO `comments` (`comment_id`, `comment_text`, `city_id`, `user_id`, `date_created`) VALUES
(72, 'ola kala', 1, 36, '2020-04-05 02:33:04'),
(73, 'ontws?', 1, 41, '2020-04-05 02:33:31'),
(74, 'to like den douleuei swsta', 3, 36, '2020-04-06 06:27:37'),
(75, 'ωραιο λιμανι!!!', 4, 36, '2020-04-06 19:22:29'),
(76, 'φρ5τυηρ6τθυ', 1, 36, '2020-04-06 19:23:42'),
(77, 'ιθυοιθυο', 1, 36, '2020-04-06 19:23:44'),
(78, 'φγηξφτγηφτγ', 1, 36, '2020-04-06 19:23:48'),
(79, 'φγξηνφυτγηφτ', 1, 36, '2020-04-06 19:23:52'),
(80, 'γφηγηβφ', 1, 36, '2020-04-06 19:23:55'),
(83, 'Wow!', 1, 46, '2020-05-12 15:36:56'),
(85, 'Wow!', 24, 46, '2020-05-12 15:58:25'),
(86, 'Amazing!', 24, 46, '2020-05-12 15:59:02');

-- --------------------------------------------------------

--
-- Δομή πίνακα για τον πίνακα `likes`
--

CREATE TABLE `likes` (
  `like_id` int(11) NOT NULL,
  `user_id` int(11) NOT NULL,
  `city_id` int(11) NOT NULL
) ENGINE=InnoDB DEFAULT CHARSET=utf8mb4;

--
-- Άδειασμα δεδομένων του πίνακα `likes`
--

INSERT INTO `likes` (`like_id`, `user_id`, `city_id`) VALUES
(126, 41, 1),
(179, 36, 3),
(180, 36, 4),
(204, 46, 1);

-- --------------------------------------------------------

--
-- Δομή πίνακα για τον πίνακα `users`
--

CREATE TABLE `users` (
  `name` text NOT NULL,
  `surname` text NOT NULL,
  `nickname` text NOT NULL,
  `password` text NOT NULL,
  `age` int(11) NOT NULL,
  `email` text NOT NULL,
  `gender` text NOT NULL,
  `date` timestamp NOT NULL DEFAULT current_timestamp() ON UPDATE current_timestamp(),
  `id` int(11) NOT NULL
) ENGINE=InnoDB DEFAULT CHARSET=utf8mb4;

--
-- Άδειασμα δεδομένων του πίνακα `users`
--

INSERT INTO `users` (`name`, `surname`, `nickname`, `password`, `age`, `email`, `gender`, `date`, `id`) VALUES
('qwdwqjdow', 'qwodiqwjiod', 'alex1', 'Alex1997', 18, '12iojqwd@gmail.com', 'male', '2020-03-29 14:02:21', 33),
('oiewjdiqwhdiuqwhd', 'qwoidjoqwdjoqwdioqw', 'alex2', 'Alex1997', 12, 'qwd@gmail.com', 'male', '2020-03-29 14:02:21', 34),
('Dimitris', 'Mpilas', 'jimakos', 'Aa7477265', 25, 'jimakos@gmail.com', 'male', '2020-03-29 14:02:21', 35),
('dimitrakos', 'mpilakos', 'mitsos', '620206ed1bf2dd5a0a01bb4fabba4364', 21, 'mitsos@gmail.com', 'male', '2020-03-29 14:02:21', 36),
('nikos', 'nikas', 'nikou', 'afdd0b4ad2ec172c586e2150770fbf9e', 23, 'nikas@gmail.com', 'male', '2020-03-29 14:02:21', 37),
('ΖΗΣΗΣ', 'ΜΠΙΛΑΣ', 'zισακος', '620206ed1bf2dd5a0a01bb4fabba4364', 34, 'ΣΔΑΣ@GMAIL.COM', 'male', '2020-03-29 14:13:32', 38),
('ΖΗΣΗΣ', 'ΜΠΙΛΑΣ', 'μιτσος', '6f1421f380d9afbacc683a6d27324099', 23, 'μιτσος@gmail.com', 'male', '2020-03-29 14:17:20', 39),
('Δήμητρα', 'Πίκα', 'dimi', '620206ed1bf2dd5a0a01bb4fabba4364', 27, 'dimi@gmail.com', 'female', '2020-04-04 07:29:15', 41),
('dasfewsfe', 'fweftrwe4', 'efrew', '620206ed1bf2dd5a0a01bb4fabba4364', 25, 'frsdgrsd@gmail.com', 'male', '2020-04-04 14:52:55', 42),
('ζησάκος', 'μπιλακοσς', 'zisis', '620206ed1bf2dd5a0a01bb4fabba4364', 45, 'zisakos@gmail.com', 'male', '2020-04-04 20:58:12', 43),
('dqpwkdw', 'qwodpkqwd', 'mrgatos', '2a42516c1c96ffe417fedd6deff2eed1', 25, 'wdqqdw@gmail.com', 'male', '2020-05-12 15:25:28', 44),
('dqpwkdw', 'qwodpkqwd', 'mrgatos', '2a42516c1c96ffe417fedd6deff2eed1', 25, 'wdqqdw@gmail.com', 'male', '2020-05-12 15:25:28', 45),
('oiewjdioqwjd', 'qwiodjqwod', 'mrgatoss', '2a42516c1c96ffe417fedd6deff2eed1', 25, 'qwdd@gmail.com', 'male', '2020-05-12 15:26:42', 46),
('giannis', 'skarlis', 'skar', '9a15b2f417c1f2409fbb424be8d39aaa', 22, 'skar@gmail.com', 'male', '2020-05-13 13:01:02', 47);

--
-- Ευρετήρια για άχρηστους πίνακες
--

--
-- Ευρετήρια για πίνακα `cities`
--
ALTER TABLE `cities`
  ADD PRIMARY KEY (`city_id`);

--
-- Ευρετήρια για πίνακα `comments`
--
ALTER TABLE `comments`
  ADD PRIMARY KEY (`comment_id`);

--
-- Ευρετήρια για πίνακα `likes`
--
ALTER TABLE `likes`
  ADD PRIMARY KEY (`like_id`);

--
-- Ευρετήρια για πίνακα `users`
--
ALTER TABLE `users`
  ADD PRIMARY KEY (`id`);

--
-- AUTO_INCREMENT για άχρηστους πίνακες
--

--
-- AUTO_INCREMENT για πίνακα `cities`
--
ALTER TABLE `cities`
  MODIFY `city_id` int(11) NOT NULL AUTO_INCREMENT, AUTO_INCREMENT=62;

--
-- AUTO_INCREMENT για πίνακα `comments`
--
ALTER TABLE `comments`
  MODIFY `comment_id` int(11) NOT NULL AUTO_INCREMENT, AUTO_INCREMENT=87;

--
-- AUTO_INCREMENT για πίνακα `likes`
--
ALTER TABLE `likes`
  MODIFY `like_id` int(11) NOT NULL AUTO_INCREMENT, AUTO_INCREMENT=205;

--
-- AUTO_INCREMENT για πίνακα `users`
--
ALTER TABLE `users`
  MODIFY `id` int(11) NOT NULL AUTO_INCREMENT, AUTO_INCREMENT=48;
COMMIT;

/*!40101 SET CHARACTER_SET_CLIENT=@OLD_CHARACTER_SET_CLIENT */;
/*!40101 SET CHARACTER_SET_RESULTS=@OLD_CHARACTER_SET_RESULTS */;
/*!40101 SET COLLATION_CONNECTION=@OLD_COLLATION_CONNECTION */;
